{
  "bf": {
    "like": "bf",
    "defaultGraphics": true
  },
  "gf": {
    "like": "gf",
    "defaultGraphics": true
  },
  "dad": {
    "like": "dad",
    "defaultGraphics": true
  },
  "mom": {
    "like": "mom",
    "defaultGraphics": true
  },
  "spooky": {
    "like": "spooky",
    "defaultGraphics": true
  },
  "pico": {
    "like": "pico",
    "defaultGraphics": true
  },
  "parents-christmas": {
    "like": "parents-christmas",
    "defaultGraphics": true
  },
  "senpai":{
    "like": "senpai",
    "defaultGraphics": true
  }
}
