{"notes":[{"sectionNotes":[],"lengthInSteps":16,"typeOfSection":0,"mustHitSection":false},{"sectionNotes":[],"lengthInSteps":16,"typeOfSection":0,"mustHitSection":false},{"sectionNotes":[],"lengthInSteps":16,"typeOfSection":0,"mustHitSection":false},{"sectionNotes":[[6625,1,0,false,false,null],[6815.625,2,0,false,false,null],[7000,0,0,false,false,null],[7200,1,0,false,false,null],[7425,2,312.5,false,false,null],[7750,3,0,false,false,null]],"lengthInSteps":16,"typeOfSection":0,"mustHitSection":false},{"sectionNotes":[[8093.75,0,0],[8625,0,0],[9037.5,1,250],[9575,1,0],[9750,2,0],[8250,1,0],[8375,3,0],[8875,2,0],[9875,3,0]],"lengthInSteps":16,"typeOfSection":0,"mustHitSection":false},{"sectionNotes":[[10071.875,1,0,false,false,null],[10250,0,437.5,false,false,null],[10696.875,1,187.5,false,false,null],[11250,0,437.5,false,false,null],[10962.5,3,250,false,false,null]],"lengthInSteps":16,"typeOfSection":0,"mustHitSection":false},{"sectionNotes":[[12500,1,0,false,false,null],[12693.75,2,0,false,false,null],[12875,0,0,false,false,null],[13093.75,1,0,false,false,null],[13325,0,312.5,false,false,null],[13625,1,0,false,false,null]],"lengthInSteps":16,"typeOfSection":0,"mustHitSection":true},{"sectionNotes":[[14000,3,0],[14540.625,0,0],[14750,3,0],[14931.25,1,0],[15465.625,1,0],[15640.625,2,0],[15831.25,0,0],[14250,2,0,false,false,null]],"lengthInSteps":16,"typeOfSection":0,"mustHitSection":true},{"sectionNotes":[[16250,0,250,false,false,null],[16559.375,2,0,false,false,null],[16931.25,3,562.5,false,false,null],[17306.25,6,312.5,false,false,null],[17684.375,7,0,false,false,null]],"lengthInSteps":16,"typeOfSection":0,"mustHitSection":true},{"sectionNotes":[[18181.25,2,0,false,false,null],[18412.5,3,0,false,false,null],[18681.25,0,0,false,false,null],[18800,3,0,false,false,null],[18956.25,1,0,false,false,null],[19375,3,250,false,false,null],[19181.25,0,0,false,false,null]],"lengthInSteps":16,"typeOfSection":0,"mustHitSection":false},{"sectionNotes":[[20250,2,375,false,false,null],[20625,3,375,false,false,null],[21125,2,0,false,false,null],[21375,3,0,false,false,null],[21625,0,0,false,false,null],[21750,3,0,false,false,null],[21875,1,0,false,false,null]],"lengthInSteps":16,"typeOfSection":0,"mustHitSection":false},{"sectionNotes":[[22000,3,250,false,false,null],[22375,0,500,false,false,null],[22875,2,375,false,false,null],[23250,1,375,false,false,null],[23193.75,5,0,false,false,null],[23578.125,4,0,false,false,null]],"lengthInSteps":16,"typeOfSection":0,"mustHitSection":false},{"sectionNotes":[[24125,1,0,false,false,null],[24318.75,0,0,false,false,null],[24546.875,1,0,false,false,null],[24678.125,0,0,false,false,null],[24875,1,0,false,false,null],[25056.25,0,0,false,false,null],[25375,3,0,false,false,null]],"lengthInSteps":16,"typeOfSection":0,"mustHitSection":true},{"sectionNotes":[[26125,1,0,false,false,null],[26500,3,312.5,false,false,null],[27068.75,1,0,false,false,null],[27250,0,0,false,false,null],[27465.625,1,0,false,false,null],[27787.5,1,0,false,false,null],[27928.125,0,0,false,false,null],[27625,0,0,false,false,null]],"lengthInSteps":16,"typeOfSection":0,"mustHitSection":true},{"sectionNotes":[[28696.875,2,375,false,false,null],[29071.875,1,250,false,false,null],[29546.875,4,0,false,false,null],[29396.875,7,0,false,false,null],[29737.5,6,0,false,false,null],[29965.625,5,375,false,false,null],[28331.25,3,0,false,false,null]],"lengthInSteps":16,"typeOfSection":0,"mustHitSection":true},{"sectionNotes":[[30925,3,0,false,false,null],[31078.125,0,0,false,false,null],[31278.125,2,0,false,false,null],[31468.75,1,500,false,false,null]],"lengthInSteps":16,"typeOfSection":0,"mustHitSection":true},{"sectionNotes":[[32350,3,0,false,false,null],[32540.625,1,0,false,false,null],[32875,0,625,false,false,null],[32737.5,2,0,false,false,null],[33840.625,7,0,false,false,null]],"lengthInSteps":16,"typeOfSection":0,"mustHitSection":false,"bpm":0},{"sectionNotes":[[34031.25,1,0,false,false,null],[34375,0,625,false,false,null],[34228.125,2,0,false,false,null],[35250,6,0,false,false,null],[35375,7,0,false,false,null],[35500,4,0,false,false,null],[35625,6,0,false,false,null],[35750,7,0,false,false,null],[35850,4,0,false,false,null]],"lengthInSteps":16,"typeOfSection":0,"mustHitSection":true},{"sectionNotes":[[36456.25,6,0,false,false,null],[36625,5,375,false,false,null],[36000,6,0,false,false,null],[36125,7,0,false,false,null],[36250,4,0,false,false,null],[36825,0,0,false,false,null],[36940.625,3,0,false,false,null],[37125,0,0,false,false,null],[37250,3,0,false,false,null],[37375,0,0,false,false,null],[37500,3,0,false,false,null],[37625,0,0,false,false,null],[37775,3,0,false,false,null]],"lengthInSteps":16,"typeOfSection":0,"mustHitSection":true},{"sectionNotes":[[38000,5,625,false,false,null],[38250,2,0,false,false,null],[38375,3,0,false,false,null],[38465.625,0,0,false,false,null],[38625,2,0,false,false,null],[38725,3,0,false,false,null],[38825,0,0,false,false,null],[38956.25,2,0,false,false,null],[39096.875,3,0,false,false,null],[39203.125,0,0,false,false,null],[39375,2,375,false,false,null],[39750,7,0,false,false,null],[39875,4,0,false,false,null]],"lengthInSteps":16,"typeOfSection":0,"mustHitSection":false},{"sectionNotes":[[40125,3,0,false,false,null],[40250,0,0,false,false,null],[40500,3,0,false,false,null],[40625,0,0,false,false,null],[40875,3,375,false,false,null],[41250,5,0,false,false,null],[41362.5,7,0,false,false,null],[41550,6,0,false,false,null],[41750,5,375,false,false,null]],"lengthInSteps":16,"typeOfSection":0,"mustHitSection":true},{"sectionNotes":[[42081.25,3,312.5,false,false,null],[42500,1,0,false,false,null],[42678.125,3,437.5,false,false,null],[43065.625,2,312.5,false,false,null],[43453.125,0,500,false,false,null]],"lengthInSteps":16,"typeOfSection":0,"mustHitSection":false},{"sectionNotes":[[44175,1,0,false,false,null],[44321.875,3,0,false,false,null],[44500,2,0,false,false,null],[44625,0,437.5,false,false,null],[45125,3,0,false,false,null],[45250,3,0,false,false,null],[45375,3,0,false,false,null],[45500,3,312.5,false,false,null],[45965.625,2,312.5,false,false,null]],"lengthInSteps":16,"typeOfSection":0,"mustHitSection":false},{"sectionNotes":[[46375,4,0,false,false,null],[46534.375,4,0,false,false,null],[46687.5,5,0,false,false,null],[46875,5,125,false,false,null],[47125,1,0,false,false,null],[47296.875,3,0,false,false,null],[47625,1,312.5,false,false,null]],"lengthInSteps":16,"typeOfSection":0,"mustHitSection":true},{"sectionNotes":[[48000,3,375,false,false,null],[48375,3,0,false,false,null],[48625,1,375,false,false,null],[49000,2,312.5,false,false,null],[49340.625,0,375,false,false,null]],"lengthInSteps":16,"typeOfSection":0,"mustHitSection":true},{"sectionNotes":[[50000,3,0,false,false,null],[50190.625,2,0,false,false,null],[50550,3,375,false,false,null],[50968.75,2,0,false,false,null],[51153.125,2,0,false,false,null],[51340.625,2,0,false,false,null],[51500,3,312.5,false,false,null],[51928.125,1,187.5,false,false,null]],"lengthInSteps":16,"typeOfSection":0,"mustHitSection":true},{"sectionNotes":[[52290.625,7,0,false,false,null],[52434.375,7,0,false,false,null],[53053.125,3,0,false,false,null],[53206.25,0,0,false,false,null],[53318.75,3,0,false,false,null],[53556.25,1,437.5,false,false,null],[53928.125,0,312.5,false,false,null],[52625,7,0,false,false,null],[52809.375,7,0,false,false,null]],"lengthInSteps":16,"typeOfSection":0,"mustHitSection":false},{"sectionNotes":[[54315.625,3,0,false,false,null],[54500,0,250,false,false,null],[54875,3,0,false,false,null],[55212.5,2,0,false,false,null],[55468.75,0,375,false,false,null],[55975,2,500,false,false,null]],"lengthInSteps":16,"typeOfSection":0,"mustHitSection":false},{"sectionNotes":[[57250,0,437.5,false,false,null],[56684.375,3,250,false,false,null],[57000,2,0,false,false,null],[57781.25,1,0,false,false,null],[57937.5,3,0,false,false,null]],"lengthInSteps":16,"typeOfSection":0,"mustHitSection":false},{"sectionNotes":[[58187.5,1,312.5,false,false,null],[58500,0,375,false,false,null],[58875,7,0,false,false,null],[59203.125,7,0,false,false,null],[59446.875,5,312.5,false,false,null],[59831.25,4,250,false,false,null]],"lengthInSteps":16,"typeOfSection":0,"mustHitSection":false},{"sectionNotes":[[60171.875,1,0,false,false,null],[60375,3,0,false,false,null],[60718.75,2,0,false,false,null],[61106.25,3,0,false,false,null],[61446.875,0,0,false,false,null],[61875,2,250,false,false,null]],"lengthInSteps":16,"typeOfSection":0,"mustHitSection":true},{"sectionNotes":[[62250,3,0,false,false,null],[62596.875,2,0,false,false,null],[62934.375,1,0,false,false,null],[63343.75,0,0,false,false,null],[63656.25,0,0,false,false,null],[63837.5,2,0,false,false,null]],"lengthInSteps":16,"typeOfSection":0,"mustHitSection":true},{"sectionNotes":[[64043.75,4,0,false,false,null],[64387.5,5,250,false,false,null],[64750,1,0,false,false,null],[64934.375,3,0,false,false,null],[65125,2,0,false,false,null],[65353.125,0,625,false,false,null]],"lengthInSteps":16,"typeOfSection":0,"mustHitSection":false},{"sectionNotes":[[66250,3,0,false,false,null],[66434.375,0,0,false,false,null],[66562.5,3,0,false,false,null],[66787.5,1,750,false,false,null],[67703.125,7,0,false,false,null],[67875,4,0,false,false,null]],"lengthInSteps":16,"typeOfSection":0,"mustHitSection":true},{"sectionNotes":[[68040.625,7,0,false,false,null],[68250,5,500,false,false,null],[69200,0,0,false,false,null],[69340.625,0,0,false,false,null],[69590.625,3,0,false,false,null],[69750,1,500,false,false,null]],"lengthInSteps":16,"typeOfSection":0,"mustHitSection":true},{"sectionNotes":[[70625,2,0,false,false,null],[70750,3,0,false,false,null],[70875,0,0,false,false,null],[71000,2,0,false,false,null],[71125,3,0,false,false,null],[71250,0,0,false,false,null],[71375,2,0,false,false,null],[71500,3,0,false,false,null],[71625,0,0,false,false,null],[71875,2,0,false,false,null]],"lengthInSteps":16,"typeOfSection":0,"mustHitSection":false},{"sectionNotes":[[72125,5,625,false,false,null],[72184.375,3,0,false,false,null],[72331.25,0,0,false,false,null],[72500,3,0,false,false,null],[72690.625,0,0,false,false,null],[72875,3,0,false,false,null],[73056.25,0,0,false,false,null],[73250,2,250,false,false,null],[73625,1,625,false,false,null]],"lengthInSteps":16,"typeOfSection":0,"mustHitSection":true},{"sectionNotes":[[75125,0,0,false,false,null],[75125,7,0,false,false,null],[75465.625,0,0,false,false,null],[75471.875,7,0,false,false,null],[75625,4,0,false,false,null],[75625,3,0,false,false,null],[75275,4,0,false,false,null],[75278.125,3,0,false,false,null],[75821.875,7,0,false,false,null],[75828.125,0,0,false,false,null]],"lengthInSteps":16,"typeOfSection":0,"mustHitSection":true},{"sectionNotes":[[76000,3,0,false,false,null],[76000,4,0,false,false,null],[76209.375,0,375,false,false,null],[76206.25,7,375,false,false,null]],"lengthInSteps":16,"typeOfSection":0,"mustHitSection":false},{"sectionNotes":[],"lengthInSteps":16,"typeOfSection":0,"mustHitSection":true},{"sectionNotes":[],"lengthInSteps":16,"typeOfSection":0,"mustHitSection":true},{"sectionNotes":[],"lengthInSteps":16,"typeOfSection":0,"mustHitSection":true},{"lengthInSteps":16,"typeOfSection":0,"sectionNotes":[],"altAnim":false,"bpm":120,"changeBPM":false,"mustHitSection":true},{"lengthInSteps":16,"typeOfSection":0,"sectionNotes":[],"altAnim":false,"bpm":120,"changeBPM":false,"mustHitSection":true},{"lengthInSteps":16,"typeOfSection":0,"sectionNotes":[],"altAnim":false,"bpm":120,"changeBPM":false,"mustHitSection":true},{"lengthInSteps":16,"typeOfSection":0,"sectionNotes":[],"altAnim":false,"bpm":120,"changeBPM":false,"mustHitSection":true},{"lengthInSteps":16,"typeOfSection":0,"sectionNotes":[],"altAnim":false,"bpm":120,"changeBPM":false,"mustHitSection":true},{"sectionNotes":[],"typeOfSection":0,"lengthInSteps":16,"altAnim":false,"mustHitSection":true,"changeBPM":false,"bpm":120},{"sectionNotes":[],"typeOfSection":0,"lengthInSteps":16,"altAnim":false,"mustHitSection":true,"changeBPM":false,"bpm":120},{"sectionNotes":[],"typeOfSection":0,"lengthInSteps":16,"altAnim":false,"mustHitSection":true,"changeBPM":false,"bpm":120},{"sectionNotes":[],"typeOfSection":0,"lengthInSteps":16,"altAnim":false,"mustHitSection":true,"changeBPM":false,"bpm":120},{"sectionNotes":[],"typeOfSection":0,"lengthInSteps":16,"altAnim":false,"mustHitSection":true,"changeBPM":false,"bpm":120},{"sectionNotes":[],"typeOfSection":0,"lengthInSteps":16,"altAnim":false,"mustHitSection":true,"changeBPM":false,"bpm":120},{"sectionNotes":[],"typeOfSection":0,"lengthInSteps":16,"altAnim":false,"mustHitSection":true,"changeBPM":false,"bpm":120},{"sectionNotes":[],"typeOfSection":0,"lengthInSteps":16,"altAnim":false,"mustHitSection":true,"changeBPM":false,"bpm":120},{"lengthInSteps":16,"typeOfSection":0,"sectionNotes":[],"altAnim":false,"bpm":120,"changeBPM":false,"mustHitSection":true},{"lengthInSteps":16,"typeOfSection":0,"sectionNotes":[],"altAnim":false,"bpm":120,"changeBPM":false,"mustHitSection":true},{"sectionNotes":[],"typeOfSection":0,"lengthInSteps":16,"altAnim":false,"mustHitSection":true,"changeBPM":false,"bpm":120},{"lengthInSteps":16,"typeOfSection":0,"sectionNotes":[],"altAnim":false,"bpm":120,"changeBPM":false,"mustHitSection":true},{"sectionNotes":[],"typeOfSection":0,"lengthInSteps":16,"altAnim":false,"mustHitSection":true,"changeBPM":false,"bpm":120},{"lengthInSteps":16,"typeOfSection":0,"sectionNotes":[],"altAnim":false,"bpm":120,"changeBPM":false,"mustHitSection":true},{"sectionNotes":[],"typeOfSection":0,"lengthInSteps":16,"altAnim":false,"mustHitSection":true,"changeBPM":false,"bpm":120},{"lengthInSteps":16,"altAnim":false,"typeOfSection":0,"sectionNotes":[],"bpm":120,"changeBPM":false,"mustHitSection":true}],"sections":63,"bpm":120,"song":{"isMoody":false,"sectionLengths":[],"player1":"bf","notes":[{"sectionNotes":[],"lengthInSteps":16,"typeOfSection":0,"mustHitSection":false},{"sectionNotes":[],"lengthInSteps":16,"typeOfSection":0,"mustHitSection":false},{"sectionNotes":[],"lengthInSteps":16,"typeOfSection":0,"mustHitSection":false},{"sectionNotes":[[6625,1,0,false,false,null],[6815.625,2,0,false,false,null],[7000,0,0,false,false,null],[7200,1,0,false,false,null],[7425,2,312.5,false,false,null],[7750,3,0,false,false,null]],"lengthInSteps":16,"typeOfSection":0,"mustHitSection":false},{"sectionNotes":[[8093.75,0,0],[8625,0,0],[9037.5,1,250],[9575,1,0],[9750,2,0],[8250,1,0],[8375,3,0],[8875,2,0],[9875,3,0]],"lengthInSteps":16,"typeOfSection":0,"mustHitSection":false},{"sectionNotes":[[10071.875,1,0,false,false,null],[10250,0,437.5,false,false,null],[10696.875,1,187.5,false,false,null],[11250,0,437.5,false,false,null],[10962.5,3,250,false,false,null]],"lengthInSteps":16,"typeOfSection":0,"mustHitSection":false},{"sectionNotes":[[12500,1,0,false,false,null],[12693.75,2,0,false,false,null],[12875,0,0,false,false,null],[13093.75,1,0,false,false,null],[13325,0,312.5,false,false,null],[13625,1,0,false,false,null]],"lengthInSteps":16,"typeOfSection":0,"mustHitSection":true},{"sectionNotes":[[14000,3,0],[14540.625,0,0],[14750,3,0],[14931.25,1,0],[15465.625,1,0],[15640.625,2,0],[15831.25,0,0],[14250,2,0,false,false,null]],"lengthInSteps":16,"typeOfSection":0,"mustHitSection":true},{"sectionNotes":[[16250,0,250,false,false,null],[16559.375,2,0,false,false,null],[16931.25,3,562.5,false,false,null],[17306.25,6,312.5,false,false,null],[17684.375,7,0,false,false,null]],"lengthInSteps":16,"typeOfSection":0,"mustHitSection":true},{"sectionNotes":[[18181.25,2,0,false,false,null],[18412.5,3,0,false,false,null],[18681.25,0,0,false,false,null],[18800,3,0,false,false,null],[18956.25,1,0,false,false,null],[19375,3,250,false,false,null],[19181.25,0,0,false,false,null]],"lengthInSteps":16,"typeOfSection":0,"mustHitSection":false},{"sectionNotes":[[20250,2,375,false,false,null],[20625,3,375,false,false,null],[21125,2,0,false,false,null],[21375,3,0,false,false,null],[21625,0,0,false,false,null],[21750,3,0,false,false,null],[21875,1,0,false,false,null]],"lengthInSteps":16,"typeOfSection":0,"mustHitSection":false},{"sectionNotes":[[22000,3,250,false,false,null],[22375,0,500,false,false,null],[22875,2,375,false,false,null],[23250,1,375,false,false,null],[23193.75,5,0,false,false,null],[23578.125,4,0,false,false,null]],"lengthInSteps":16,"typeOfSection":0,"mustHitSection":false},{"sectionNotes":[[24125,1,0,false,false,null],[24318.75,0,0,false,false,null],[24546.875,1,0,false,false,null],[24678.125,0,0,false,false,null],[24875,1,0,false,false,null],[25056.25,0,0,false,false,null],[25375,3,0,false,false,null]],"lengthInSteps":16,"typeOfSection":0,"mustHitSection":true},{"sectionNotes":[[26125,1,0,false,false,null],[26500,3,312.5,false,false,null],[27068.75,1,0,false,false,null],[27250,0,0,false,false,null],[27465.625,1,0,false,false,null],[27787.5,1,0,false,false,null],[27928.125,0,0,false,false,null],[27625,0,0,false,false,null]],"lengthInSteps":16,"typeOfSection":0,"mustHitSection":true},{"sectionNotes":[[28696.875,2,375,false,false,null],[29071.875,1,250,false,false,null],[29546.875,4,0,false,false,null],[29396.875,7,0,false,false,null],[29737.5,6,0,false,false,null],[29965.625,5,375,false,false,null],[28331.25,3,0,false,false,null]],"lengthInSteps":16,"typeOfSection":0,"mustHitSection":true},{"sectionNotes":[[30925,3,0,false,false,null],[31078.125,0,0,false,false,null],[31278.125,2,0,false,false,null],[31468.75,1,500,false,false,null]],"lengthInSteps":16,"typeOfSection":0,"mustHitSection":true},{"sectionNotes":[[32350,3,0,false,false,null],[32540.625,1,0,false,false,null],[32875,0,625,false,false,null],[32737.5,2,0,false,false,null],[33840.625,7,0,false,false,null]],"lengthInSteps":16,"typeOfSection":0,"mustHitSection":false,"bpm":0},{"sectionNotes":[[34031.25,1,0,false,false,null],[34375,0,625,false,false,null],[34228.125,2,0,false,false,null],[35250,6,0,false,false,null],[35375,7,0,false,false,null],[35500,4,0,false,false,null],[35625,6,0,false,false,null],[35750,7,0,false,false,null],[35850,4,0,false,false,null]],"lengthInSteps":16,"typeOfSection":0,"mustHitSection":true},{"sectionNotes":[[36456.25,6,0,false,false,null],[36625,5,375,false,false,null],[36000,6,0,false,false,null],[36125,7,0,false,false,null],[36250,4,0,false,false,null],[36825,0,0,false,false,null],[36940.625,3,0,false,false,null],[37125,0,0,false,false,null],[37250,3,0,false,false,null],[37375,0,0,false,false,null],[37500,3,0,false,false,null],[37625,0,0,false,false,null],[37775,3,0,false,false,null]],"lengthInSteps":16,"typeOfSection":0,"mustHitSection":true},{"sectionNotes":[[38000,5,625,false,false,null],[38250,2,0,false,false,null],[38375,3,0,false,false,null],[38465.625,0,0,false,false,null],[38625,2,0,false,false,null],[38725,3,0,false,false,null],[38825,0,0,false,false,null],[38956.25,2,0,false,false,null],[39096.875,3,0,false,false,null],[39203.125,0,0,false,false,null],[39375,2,375,false,false,null],[39750,7,0,false,false,null],[39875,4,0,false,false,null]],"lengthInSteps":16,"typeOfSection":0,"mustHitSection":false},{"sectionNotes":[[40125,3,0,false,false,null],[40250,0,0,false,false,null],[40500,3,0,false,false,null],[40625,0,0,false,false,null],[40875,3,375,false,false,null],[41250,5,0,false,false,null],[41362.5,7,0,false,false,null],[41550,6,0,false,false,null],[41750,5,375,false,false,null]],"lengthInSteps":16,"typeOfSection":0,"mustHitSection":true},{"sectionNotes":[[42081.25,3,312.5,false,false,null],[42500,1,0,false,false,null],[42678.125,3,437.5,false,false,null],[43065.625,2,312.5,false,false,null],[43453.125,0,500,false,false,null]],"lengthInSteps":16,"typeOfSection":0,"mustHitSection":false},{"sectionNotes":[[44175,1,0,false,false,null],[44321.875,3,0,false,false,null],[44500,2,0,false,false,null],[44625,0,437.5,false,false,null],[45125,3,0,false,false,null],[45250,3,0,false,false,null],[45375,3,0,false,false,null],[45500,3,312.5,false,false,null],[45965.625,2,312.5,false,false,null]],"lengthInSteps":16,"typeOfSection":0,"mustHitSection":false},{"sectionNotes":[[46375,4,0,false,false,null],[46534.375,4,0,false,false,null],[46687.5,5,0,false,false,null],[46875,5,125,false,false,null],[47125,1,0,false,false,null],[47296.875,3,0,false,false,null],[47625,1,312.5,false,false,null]],"lengthInSteps":16,"typeOfSection":0,"mustHitSection":true},{"sectionNotes":[[48000,3,375,false,false,null],[48375,3,0,false,false,null],[48625,1,375,false,false,null],[49000,2,312.5,false,false,null],[49340.625,0,375,false,false,null]],"lengthInSteps":16,"typeOfSection":0,"mustHitSection":true},{"sectionNotes":[[50000,3,0,false,false,null],[50190.625,2,0,false,false,null],[50550,3,375,false,false,null],[50968.75,2,0,false,false,null],[51153.125,2,0,false,false,null],[51340.625,2,0,false,false,null],[51500,3,312.5,false,false,null],[51928.125,1,187.5,false,false,null]],"lengthInSteps":16,"typeOfSection":0,"mustHitSection":true},{"sectionNotes":[[52290.625,7,0,false,false,null],[52434.375,7,0,false,false,null],[53053.125,3,0,false,false,null],[53206.25,0,0,false,false,null],[53318.75,3,0,false,false,null],[53556.25,1,437.5,false,false,null],[53928.125,0,312.5,false,false,null],[52625,7,0,false,false,null],[52809.375,7,0,false,false,null]],"lengthInSteps":16,"typeOfSection":0,"mustHitSection":false},{"sectionNotes":[[54315.625,3,0,false,false,null],[54500,0,250,false,false,null],[54875,3,0,false,false,null],[55212.5,2,0,false,false,null],[55468.75,0,375,false,false,null],[55975,2,500,false,false,null]],"lengthInSteps":16,"typeOfSection":0,"mustHitSection":false},{"sectionNotes":[[57250,0,437.5,false,false,null],[56684.375,3,250,false,false,null],[57000,2,0,false,false,null],[57781.25,1,0,false,false,null],[57937.5,3,0,false,false,null]],"lengthInSteps":16,"typeOfSection":0,"mustHitSection":false},{"sectionNotes":[[58187.5,1,312.5,false,false,null],[58500,0,375,false,false,null],[58875,7,0,false,false,null],[59203.125,7,0,false,false,null],[59446.875,5,312.5,false,false,null],[59831.25,4,250,false,false,null]],"lengthInSteps":16,"typeOfSection":0,"mustHitSection":false},{"sectionNotes":[[60171.875,1,0,false,false,null],[60375,3,0,false,false,null],[60718.75,2,0,false,false,null],[61106.25,3,0,false,false,null],[61446.875,0,0,false,false,null],[61875,2,250,false,false,null]],"lengthInSteps":16,"typeOfSection":0,"mustHitSection":true},{"sectionNotes":[[62250,3,0,false,false,null],[62596.875,2,0,false,false,null],[62934.375,1,0,false,false,null],[63343.75,0,0,false,false,null],[63656.25,0,0,false,false,null],[63837.5,2,0,false,false,null]],"lengthInSteps":16,"typeOfSection":0,"mustHitSection":true},{"sectionNotes":[[64043.75,4,0,false,false,null],[64387.5,5,250,false,false,null],[64750,1,0,false,false,null],[64934.375,3,0,false,false,null],[65125,2,0,false,false,null],[65353.125,0,625,false,false,null]],"lengthInSteps":16,"typeOfSection":0,"mustHitSection":false},{"sectionNotes":[[66250,3,0,false,false,null],[66434.375,0,0,false,false,null],[66562.5,3,0,false,false,null],[66787.5,1,750,false,false,null],[67703.125,7,0,false,false,null],[67875,4,0,false,false,null]],"lengthInSteps":16,"typeOfSection":0,"mustHitSection":true},{"sectionNotes":[[68040.625,7,0,false,false,null],[68250,5,500,false,false,null],[69200,0,0,false,false,null],[69340.625,0,0,false,false,null],[69590.625,3,0,false,false,null],[69750,1,500,false,false,null]],"lengthInSteps":16,"typeOfSection":0,"mustHitSection":true},{"sectionNotes":[[70625,2,0,false,false,null],[70750,3,0,false,false,null],[70875,0,0,false,false,null],[71000,2,0,false,false,null],[71125,3,0,false,false,null],[71250,0,0,false,false,null],[71375,2,0,false,false,null],[71500,3,0,false,false,null],[71625,0,0,false,false,null],[71875,2,0,false,false,null]],"lengthInSteps":16,"typeOfSection":0,"mustHitSection":false},{"sectionNotes":[[72125,5,625,false,false,null],[72184.375,3,0,false,false,null],[72331.25,0,0,false,false,null],[72500,3,0,false,false,null],[72690.625,0,0,false,false,null],[72875,3,0,false,false,null],[73056.25,0,0,false,false,null],[73250,2,250,false,false,null],[73625,1,625,false,false,null]],"lengthInSteps":16,"typeOfSection":0,"mustHitSection":true},{"sectionNotes":[[75125,0,0,false,false,null],[75125,7,0,false,false,null],[75465.625,0,0,false,false,null],[75471.875,7,0,false,false,null],[75625,4,0,false,false,null],[75625,3,0,false,false,null],[75275,4,0,false,false,null],[75278.125,3,0,false,false,null],[75821.875,7,0,false,false,null],[75828.125,0,0,false,false,null]],"lengthInSteps":16,"typeOfSection":0,"mustHitSection":true},{"sectionNotes":[[76000,3,0,false,false,null],[76000,4,0,false,false,null],[76209.375,0,375,false,false,null],[76206.25,7,375,false,false,null]],"lengthInSteps":16,"typeOfSection":0,"mustHitSection":false},{"sectionNotes":[],"lengthInSteps":16,"typeOfSection":0,"mustHitSection":true},{"sectionNotes":[],"lengthInSteps":16,"typeOfSection":0,"mustHitSection":true},{"sectionNotes":[],"lengthInSteps":16,"typeOfSection":0,"mustHitSection":true},{"lengthInSteps":16,"typeOfSection":0,"sectionNotes":[],"altAnim":false,"bpm":120,"changeBPM":false,"mustHitSection":true},{"lengthInSteps":16,"typeOfSection":0,"sectionNotes":[],"altAnim":false,"bpm":120,"changeBPM":false,"mustHitSection":true},{"lengthInSteps":16,"typeOfSection":0,"sectionNotes":[],"altAnim":false,"bpm":120,"changeBPM":false,"mustHitSection":true},{"lengthInSteps":16,"typeOfSection":0,"sectionNotes":[],"altAnim":false,"bpm":120,"changeBPM":false,"mustHitSection":true},{"lengthInSteps":16,"typeOfSection":0,"sectionNotes":[],"altAnim":false,"bpm":120,"changeBPM":false,"mustHitSection":true},{"sectionNotes":[],"typeOfSection":0,"lengthInSteps":16,"altAnim":false,"mustHitSection":true,"changeBPM":false,"bpm":120},{"sectionNotes":[],"typeOfSection":0,"lengthInSteps":16,"altAnim":false,"mustHitSection":true,"changeBPM":false,"bpm":120},{"sectionNotes":[],"typeOfSection":0,"lengthInSteps":16,"altAnim":false,"mustHitSection":true,"changeBPM":false,"bpm":120},{"sectionNotes":[],"typeOfSection":0,"lengthInSteps":16,"altAnim":false,"mustHitSection":true,"changeBPM":false,"bpm":120},{"sectionNotes":[],"typeOfSection":0,"lengthInSteps":16,"altAnim":false,"mustHitSection":true,"changeBPM":false,"bpm":120},{"sectionNotes":[],"typeOfSection":0,"lengthInSteps":16,"altAnim":false,"mustHitSection":true,"changeBPM":false,"bpm":120},{"sectionNotes":[],"typeOfSection":0,"lengthInSteps":16,"altAnim":false,"mustHitSection":true,"changeBPM":false,"bpm":120},{"sectionNotes":[],"typeOfSection":0,"lengthInSteps":16,"altAnim":false,"mustHitSection":true,"changeBPM":false,"bpm":120},{"lengthInSteps":16,"typeOfSection":0,"sectionNotes":[],"altAnim":false,"bpm":120,"changeBPM":false,"mustHitSection":true},{"lengthInSteps":16,"typeOfSection":0,"sectionNotes":[],"altAnim":false,"bpm":120,"changeBPM":false,"mustHitSection":true},{"sectionNotes":[],"typeOfSection":0,"lengthInSteps":16,"altAnim":false,"mustHitSection":true,"changeBPM":false,"bpm":120},{"lengthInSteps":16,"typeOfSection":0,"sectionNotes":[],"altAnim":false,"bpm":120,"changeBPM":false,"mustHitSection":true},{"sectionNotes":[],"typeOfSection":0,"lengthInSteps":16,"altAnim":false,"mustHitSection":true,"changeBPM":false,"bpm":120},{"lengthInSteps":16,"typeOfSection":0,"sectionNotes":[],"altAnim":false,"bpm":120,"changeBPM":false,"mustHitSection":true},{"sectionNotes":[],"typeOfSection":0,"lengthInSteps":16,"altAnim":false,"mustHitSection":true,"changeBPM":false,"bpm":120},{"lengthInSteps":16,"altAnim":false,"typeOfSection":0,"sectionNotes":[],"bpm":120,"changeBPM":false,"mustHitSection":true}],"player2":"cg5","cutsceneType":"none","song":"Man-On-Stilts","uiType":"normal","stage":"Studio","validScore":true,"sections":0,"needsVoices":true,"gf":"cg5gf","speed":1.3,"bpm":120}}