{"notes":[{"typeOfSection":0,"lengthInSteps":16,"sectionNotes":[],"mustHitSection":true},{"typeOfSection":0,"lengthInSteps":16,"sectionNotes":[],"mustHitSection":true},{"typeOfSection":0,"lengthInSteps":16,"sectionNotes":[],"mustHitSection":true},{"typeOfSection":0,"lengthInSteps":16,"sectionNotes":[],"mustHitSection":true},{"typeOfSection":0,"lengthInSteps":16,"sectionNotes":[],"mustHitSection":true},{"typeOfSection":0,"lengthInSteps":16,"sectionNotes":[],"mustHitSection":true},{"typeOfSection":0,"lengthInSteps":16,"sectionNotes":[],"mustHitSection":true},{"typeOfSection":0,"lengthInSteps":16,"sectionNotes":[],"mustHitSection":true},{"typeOfSection":0,"lengthInSteps":16,"sectionNotes":[[10667,2,0],[11000,0,0],[11333,2,0],[11750,0,0],[11833,3,0]],"mustHitSection":false},{"typeOfSection":0,"lengthInSteps":16,"sectionNotes":[[12000,2,0],[12333,0,0],[12667,2,0],[13083,0,0],[13250,3,0]],"mustHitSection":false},{"typeOfSection":0,"lengthInSteps":16,"sectionNotes":[[13333.6666666667,2,0],[13666.6666666667,0,0],[13999.6666666667,2,0],[14416.6666666667,0,0],[14499.6666666667,3,0]],"mustHitSection":true},{"typeOfSection":0,"lengthInSteps":16,"sectionNotes":[[14666.6666666667,2,0],[14833.6666666667,3,0],[14999.6666666667,0,0],[15333.6666666667,2,0],[15749.6666666667,0,0],[15916.6666666667,3,0]],"mustHitSection":true},{"typeOfSection":0,"lengthInSteps":16,"sectionNotes":[[16000,1,0],[16333,0,0],[16500,3,0],[16667,1,0]],"mustHitSection":false},{"typeOfSection":0,"lengthInSteps":16,"sectionNotes":[[17348,1,0],[17750,0,0],[17917,0,0],[18083,3,0],[18250,3,0],[18417,3,0],[18583,3,0]],"mustHitSection":false},{"typeOfSection":0,"lengthInSteps":16,"sectionNotes":[[18666.6666666667,1,0],[18999.6666666667,0,0],[19166.6666666667,3,0],[19333.6666666667,1,0]],"mustHitSection":true},{"typeOfSection":0,"lengthInSteps":16,"sectionNotes":[[20014.6666666667,1,0],[20416.6666666667,0,0],[20583.6666666667,0,0],[20749.6666666667,3,0],[20916.6666666667,3,0],[21083.6666666667,3,0],[21249.6666666667,3,0]],"mustHitSection":true},{"typeOfSection":0,"lengthInSteps":16,"sectionNotes":[[21750,2,0],[22083,3,0]],"mustHitSection":false},{"typeOfSection":0,"lengthInSteps":16,"sectionNotes":[[22833,1,0],[23000,3,0],[23250,0,0]],"mustHitSection":false},{"typeOfSection":0,"lengthInSteps":16,"sectionNotes":[[24417,2,0],[24750,1,0],[25000,0,0]],"mustHitSection":false},{"typeOfSection":0,"lengthInSteps":16,"sectionNotes":[[25342,2,0],[25583,0,0],[25917,3,0],[26083,2,0]],"mustHitSection":false},{"typeOfSection":0,"lengthInSteps":16,"sectionNotes":[[27083.3333333333,2,0],[27416.3333333333,3,0]],"mustHitSection":true},{"typeOfSection":0,"lengthInSteps":16,"sectionNotes":[[28166.3333333333,1,0],[28333.3333333333,3,0],[28583.3333333333,0,0]],"mustHitSection":true},{"typeOfSection":0,"lengthInSteps":16,"sectionNotes":[[29750.3333333333,2,0],[30083.3333333333,1,0],[30333.3333333333,0,0]],"mustHitSection":true},{"typeOfSection":0,"lengthInSteps":16,"sectionNotes":[[30675.3333333333,2,0],[30916.3333333333,0,0],[31250.3333333333,3,0],[31416.3333333333,2,0]],"mustHitSection":true},{"typeOfSection":0,"lengthInSteps":16,"sectionNotes":[[32167,0,0],[32333,3,0],[32500,2,0],[33000,0,0]],"mustHitSection":false},{"typeOfSection":0,"lengthInSteps":16,"sectionNotes":[[33500,2,0],[33667,3,0],[34083,2,0],[34417,0,0]],"mustHitSection":false},{"typeOfSection":0,"lengthInSteps":16,"sectionNotes":[[34669,0,0],[35000,1,0],[35333,3,0],[35667,1,0]],"mustHitSection":false},{"typeOfSection":0,"lengthInSteps":16,"sectionNotes":[[36008,2,0],[36333,3,0],[36750,0,0]],"mustHitSection":false},{"typeOfSection":0,"lengthInSteps":16,"sectionNotes":[[37583,1,0],[38083,0,0],[38333,1,0],[37750,3,0]],"mustHitSection":false},{"typeOfSection":0,"lengthInSteps":16,"sectionNotes":[[38679,0,0],[39167,0,0],[39333,2,0],[39500,3,0]],"mustHitSection":false},{"typeOfSection":0,"lengthInSteps":16,"sectionNotes":[[40167,0,0],[40333,3,0],[40750,2,0],[40917,3,0],[41250,3,0]],"mustHitSection":false},{"typeOfSection":0,"lengthInSteps":16,"sectionNotes":[[41337,4,0],[41750,6,0],[42083,6,0],[42417,4,0],[42583,5,0],[41348,0,0],[41750,0,0],[42167,2,0],[42333,3,0],[41583,1,0],[41917,3,0]],"mustHitSection":false},{"typeOfSection":0,"lengthInSteps":16,"sectionNotes":[[42833.6666666667,0,0],[42999.6666666667,3,0],[43166.6666666667,2,0],[43666.6666666667,0,0]],"mustHitSection":true},{"typeOfSection":0,"lengthInSteps":16,"sectionNotes":[[44166.6666666667,2,0],[44333.6666666667,3,0],[44749.6666666667,2,0],[45083.6666666667,0,0]],"mustHitSection":true},{"typeOfSection":0,"lengthInSteps":16,"sectionNotes":[[45335.6666666667,0,0],[45666.6666666667,1,0],[45999.6666666667,3,0],[46333.6666666667,1,0]],"mustHitSection":true},{"typeOfSection":0,"lengthInSteps":16,"sectionNotes":[[46674.6666666667,2,0],[46999.6666666667,3,0],[47416.6666666667,0,0]],"mustHitSection":true},{"typeOfSection":0,"lengthInSteps":16,"sectionNotes":[[48249.6666666667,1,0],[48749.6666666667,0,0],[48999.6666666667,1,0],[48416.6666666667,3,0]],"mustHitSection":true},{"typeOfSection":0,"lengthInSteps":16,"sectionNotes":[[49345.6666666667,0,0],[49833.6666666667,0,0],[49999.6666666667,2,0],[50166.6666666667,3,0]],"mustHitSection":true},{"typeOfSection":0,"lengthInSteps":16,"sectionNotes":[[50833.6666666667,0,0],[50999.6666666667,3,0],[51416.6666666667,2,0],[51583.6666666667,3,0],[51916.6666666667,3,0]],"mustHitSection":true},{"typeOfSection":0,"lengthInSteps":16,"sectionNotes":[[52014.6666666667,0,0],[52417,2,0],[52750,3,0],[53000,3,0]],"mustHitSection":true},{"typeOfSection":0,"lengthInSteps":16,"sectionNotes":[[53333.6666666667,2,0],[53666.6666666667,0,0],[53999.6666666667,2,0],[54416.6666666667,0,0],[54499.6666666667,3,0]],"mustHitSection":false},{"typeOfSection":0,"lengthInSteps":16,"sectionNotes":[[54666.6666666667,2,0],[54999.6666666667,0,0],[55333.6666666667,2,0],[55749.6666666667,0,0],[55916.6666666667,3,0]],"mustHitSection":false},{"typeOfSection":0,"lengthInSteps":16,"sectionNotes":[[56000.3333333333,2,0],[56333.3333333333,0,0],[56666.3333333333,2,0],[57083.3333333333,0,0],[57166.3333333333,3,0]],"mustHitSection":true},{"typeOfSection":0,"lengthInSteps":16,"sectionNotes":[[57333.3333333333,2,0],[57500.3333333333,3,0],[57666.3333333333,0,0],[58000.3333333333,2,0],[58416.3333333333,0,0],[58583.3333333333,3,0]],"mustHitSection":true},{"typeOfSection":0,"lengthInSteps":16,"sectionNotes":[[58666.6666666667,1,0],[58999.6666666667,0,0],[59166.6666666667,3,0],[59333.6666666667,1,0]],"mustHitSection":false},{"typeOfSection":0,"lengthInSteps":16,"sectionNotes":[[60014.6666666667,1,0],[60416.6666666667,0,0],[60583.6666666667,0,0],[60749.6666666667,3,0],[60916.6666666667,3,0],[61083.6666666667,3,0],[61249.6666666667,3,0]],"mustHitSection":false},{"typeOfSection":0,"lengthInSteps":16,"sectionNotes":[[61333.3333333333,1,0],[61666.3333333333,0,0],[61833.3333333333,3,0],[62000.3333333333,1,0]],"mustHitSection":true},{"typeOfSection":0,"lengthInSteps":16,"sectionNotes":[[62681.3333333333,1,0],[63083.3333333333,0,0],[63250.3333333333,0,0],[63416.3333333333,3,0],[63583.3333333333,3,0],[63750.3333333333,3,0],[63916.3333333333,3,0],[62667,4,0],[63000,6,0],[63333,6,0],[63667,4,0]],"mustHitSection":true},{"typeOfSection":0,"lengthInSteps":16,"sectionNotes":[[64416.6666666667,2,0],[64583.6666666667,1,0],[64749.6666666667,3,0]],"mustHitSection":false},{"typeOfSection":0,"lengthInSteps":16,"sectionNotes":[[65499.6666666667,1,0],[65666.6666666667,3,0],[65916.6666666667,0,0]],"mustHitSection":false},{"typeOfSection":0,"lengthInSteps":16,"sectionNotes":[[67083.6666666667,2,0],[67416.6666666667,1,0],[67666.6666666667,0,0],[67833.6666666667,1,0]],"mustHitSection":false},{"typeOfSection":0,"lengthInSteps":16,"sectionNotes":[[68008.6666666667,2,0],[68166.6666666667,3,0],[68249.6666666667,0,0],[68416.6666666667,1,0],[68583.6666666667,3,0],[68749.6666666667,2,0],[68000,4,0],[68167,5,0],[68500,7,0],[68833,5,0],[69000,4,0],[69167,5,0]],"mustHitSection":false},{"typeOfSection":0,"lengthInSteps":16,"sectionNotes":[[69750,2,0],[69917,1,0],[70083,3,0]],"mustHitSection":true},{"typeOfSection":0,"lengthInSteps":16,"sectionNotes":[[70833,1,0],[71000,3,0],[71250,0,0]],"mustHitSection":true},{"typeOfSection":0,"lengthInSteps":16,"sectionNotes":[[72417,2,0],[72750,1,0],[73000,0,0],[73167,1,0]],"mustHitSection":true},{"typeOfSection":0,"lengthInSteps":16,"sectionNotes":[[73342,2,0],[73583,0,0],[73917,3,0],[74083,2,0]],"mustHitSection":true},{"typeOfSection":0,"lengthInSteps":16,"sectionNotes":[[74667,2,0],[75000,0,0],[75167,1,0],[75750,0,0],[75833,3,0]],"mustHitSection":false},{"typeOfSection":0,"lengthInSteps":16,"sectionNotes":[[76000,2,0],[76333,0,0],[76667,2,0],[77000,2,0]],"mustHitSection":false},{"typeOfSection":0,"lengthInSteps":16,"sectionNotes":[[77333.6666666667,2,0],[77666.6666666667,0,0],[77833.6666666667,1,0],[78416.6666666667,0,0],[78499.6666666667,3,0]],"mustHitSection":true},{"typeOfSection":0,"lengthInSteps":16,"sectionNotes":[[78666.6666666667,2,0],[78999.6666666667,0,0],[79333.6666666667,2,0],[79666.6666666667,2,0]],"mustHitSection":true},{"typeOfSection":0,"lengthInSteps":16,"sectionNotes":[[80000,1,0],[80333,0,0],[80500,3,0],[80667,1,0],[81000,1,0]],"mustHitSection":false},{"typeOfSection":0,"lengthInSteps":16,"sectionNotes":[[81348,1,0],[81667,1,0],[82000,1,0]],"mustHitSection":false},{"lengthInSteps":16,"sectionNotes":[[82666.6666666667,1,0],[82999.6666666667,0,0],[83166.6666666667,3,0],[83333.6666666667,1,0],[83667,1,0]],"typeOfSection":0,"mustHitSection":true,"changeBPM":false,"bpm":180},{"lengthInSteps":16,"sectionNotes":[[84014.6666666667,1,0],[84333.6666666667,1,0],[84666.6666666667,1,0]],"typeOfSection":0,"mustHitSection":true,"changeBPM":false,"bpm":180},{"lengthInSteps":16,"sectionNotes":[[85583.3333333333,6,0],[85666.6666666667,7,0],[85750,6,0],[85916.6666666667,7,0],[86000,6,0],[86166.6666666667,6,0],[86250,6,0],[86416.6666666667,6,0],[86583.3333333333,7,0]],"typeOfSection":0,"mustHitSection":true,"changeBPM":false,"bpm":180},{"sectionNotes":[[86666.6666666667,6,0],[86916.6666666667,7,0],[87000,6,250],[87000,2,250],[87416.6666666667,1,166.666666666667],[87416.6666666667,5,166.666666666667],[87666.6666666667,4,250],[87666.6666666667,3,250]],"typeOfSection":0,"lengthInSteps":16,"altAnim":false,"mustHitSection":true,"changeBPM":false,"bpm":180},{"sectionNotes":[[88083.3333333333,2,0],[88166.6666666667,3,0],[88250,2,0],[88416.6666666667,3,0],[88583.3333333333,2,0],[88750,2,0],[88916.6666666667,2,0],[89083.3333333333,2,0],[89166.6666666667,3,0],[89250,3,0]],"typeOfSection":0,"lengthInSteps":16,"altAnim":false,"mustHitSection":true,"changeBPM":false,"bpm":180},{"sectionNotes":[[89666.6666666667,2,0],[89833.3333333333,2,0],[90000,1,0],[90166.6666666667,3,0],[90333.3333333333,2,0],[90500,2,0],[90583.3333333333,1,0]],"typeOfSection":0,"lengthInSteps":16,"altAnim":false,"mustHitSection":true,"changeBPM":false,"bpm":180},{"sectionNotes":[[90833.3333333333,3,166.666666666667],[91250,0,166.666666666667],[91583.3333333333,2,166.666666666667],[91833.3333333333,1,166.666666666667]],"typeOfSection":0,"lengthInSteps":16,"altAnim":false,"mustHitSection":true,"changeBPM":false,"bpm":180},{"sectionNotes":[[92000,1,166.666666666667],[92333.3333333333,1,0],[92583.3333333333,1,0],[92833.3333333333,1,0],[93166.6666666667,1,0]],"typeOfSection":0,"lengthInSteps":16,"altAnim":false,"mustHitSection":true,"changeBPM":false,"bpm":180},{"sectionNotes":[[93750,2,0],[93833.3333333333,3,0],[93916.6666666667,2,0],[94083.3333333333,2,0],[94166.6666666667,1,0],[94250,1,0],[94500,3,0]],"typeOfSection":0,"lengthInSteps":16,"altAnim":false,"mustHitSection":true,"changeBPM":false,"bpm":180},{"sectionNotes":[[94916.6666666667,1,0],[95083.3333333333,3,0],[95250,1,0],[95583.3333333333,3,0],[95666.6666666667,1,0],[95333.3333333333,3,0],[94666.6666666667,0,0],[95916.6666666667,2,0],[95833.3333333333,2,0]],"typeOfSection":0,"lengthInSteps":16,"altAnim":false,"mustHitSection":true,"changeBPM":false,"bpm":180},{"sectionNotes":[[96166.6666666667,3,83.3333333333333],[96416.6666666667,2,83.3333333333333],[96666.6666666667,2,83.3333333333333],[97083.3333333333,1,83.3333333333333],[96833.3333333333,0,83.3333333333333]],"typeOfSection":0,"lengthInSteps":16,"altAnim":false,"mustHitSection":true,"changeBPM":false,"bpm":180},{"sectionNotes":[[97500,3,83.3333333333333],[97666.6666666667,0,83.3333333333333],[97833.3333333333,1,83.3333333333333],[98166.6666666667,2,83.3333333333333],[98333.3333333333,2,83.3333333333333],[98583.3333333333,3,166.666666666667]],"typeOfSection":0,"lengthInSteps":16,"altAnim":false,"mustHitSection":true,"changeBPM":false,"bpm":180},{"sectionNotes":[[98833.3333333333,6,83.3333333333333],[99083.3333333333,5,83.3333333333333],[99416.6666666667,5,83.3333333333333],[99250,7,83.3333333333333],[99666.6666666667,6,83.3333333333333],[99833.3333333333,6,83.3333333333333]],"typeOfSection":0,"lengthInSteps":16,"altAnim":false,"mustHitSection":true,"changeBPM":false,"bpm":180},{"sectionNotes":[[100166.666666667,5,0],[100250,6,0],[100416.666666667,5,0],[100583.333333333,6,0],[100750,6,0],[100833.333333333,5,0],[101000,6,0],[101166.666666667,7,0],[101250,7,0]],"typeOfSection":0,"lengthInSteps":16,"altAnim":false,"mustHitSection":true,"changeBPM":false,"bpm":180},{"sectionNotes":[[101333.333333333,5,0],[101500,7,0],[101416.666666667,6,0],[101666.666666667,3,83.3333333333333],[101916.666666667,2,83.3333333333333],[102166.666666667,2,83.3333333333333],[102333.333333333,0,83.3333333333333],[102500,1,83.3333333333333]],"typeOfSection":0,"lengthInSteps":16,"altAnim":false,"mustHitSection":true,"changeBPM":false,"bpm":180},{"sectionNotes":[[102750,2,83.3333333333333],[102916.666666667,3,83.3333333333333],[103083.333333333,2,83.3333333333333],[103250,3,83.3333333333333],[103500,1,83.3333333333333],[103666.666666667,1,83.3333333333333],[103833.333333333,1,83.3333333333333]],"typeOfSection":0,"lengthInSteps":16,"altAnim":false,"mustHitSection":true,"changeBPM":false,"bpm":180},{"sectionNotes":[[104000,3,250],[104000,4,250],[104333.333333333,2,83.3333333333333],[104500,2,83.3333333333333],[104666.666666667,2,83.3333333333333],[104333.333333333,6,83.3333333333333],[104500,6,83.3333333333333],[104666.666666667,6,83.3333333333333],[104833.333333333,6,83.3333333333333],[104833.333333333,2,83.3333333333333],[105000,2,83.3333333333333],[105166.666666667,2,83.3333333333333],[105000,6,83.3333333333333],[105166.666666667,6,83.3333333333333]],"typeOfSection":0,"lengthInSteps":16,"altAnim":false,"mustHitSection":true,"changeBPM":false,"bpm":180},{"sectionNotes":[[105583.333333333,7,250],[105583.333333333,0,250],[106166.666666667,6,0],[106250,7,0],[106333.333333333,6,0],[106416.666666667,7,0],[106500,6,0],[106583.333333333,7,0]],"typeOfSection":0,"lengthInSteps":16,"altAnim":false,"mustHitSection":true,"changeBPM":false,"bpm":180},{"sectionNotes":[[106666.666666667,6,0],[106833.333333333,7,0],[106666.666666667,2,0],[106833.333333333,3,0],[107000,1,0],[107000,5,0],[107166.666666667,4,0],[107166.666666667,0,0],[107416.666666667,6,0],[107583.333333333,6,0],[107416.666666667,2,0],[107583.333333333,2,0],[107750,1,0],[107916.666666667,1,0],[107750,5,0],[107916.666666667,5,0]],"typeOfSection":0,"lengthInSteps":16,"altAnim":false,"mustHitSection":true,"changeBPM":false,"bpm":180},{"sectionNotes":[[108000,6,0],[108250,6,0],[108333.333333333,5,0],[108583.333333333,6,0],[108833.333333333,7,0],[108916.666666667,5,0],[108916.666666667,1,0],[108833.333333333,3,0],[108583.333333333,2,0],[108333.333333333,1,0],[108250,2,0],[108000,2,0],[109083.333333333,5,0],[109250,5,0],[109250,1,0],[109083.333333333,1,0]],"typeOfSection":0,"lengthInSteps":16,"altAnim":false,"mustHitSection":true,"changeBPM":false,"bpm":180},{"sectionNotes":[[109333.333333333,6,166.666666666667],[109333.333333333,2,166.666666666667],[109666.666666667,6,0],[109916.666666667,5,0],[110000,6,0],[110166.666666667,5,0],[110166.666666667,1,0],[110000,2,0],[109916.666666667,1,0],[109666.666666667,2,0],[110250,7,0],[110250,3,0],[110416.666666667,0,0],[110583.333333333,3,0],[110416.666666667,4,0],[110583.333333333,7,0]],"typeOfSection":0,"lengthInSteps":16,"altAnim":false,"mustHitSection":true,"changeBPM":false,"bpm":180},{"sectionNotes":[[110666.666666667,2,166.666666666667],[111083.333333333,2,83.3333333333333],[111250,1,83.3333333333333],[111500,2,0]],"typeOfSection":0,"lengthInSteps":16,"altAnim":false,"mustHitSection":true,"changeBPM":false,"bpm":180},{"sectionNotes":[[112000,6,83.3333333333333],[112166.666666667,5,83.3333333333333],[112416.666666667,6,0],[112666.666666667,7,0],[112750,6,166.666666666667],[113083.333333333,6,0],[113166.666666667,6,0],[113250,7,0]],"typeOfSection":0,"lengthInSteps":16,"altAnim":false,"mustHitSection":true,"changeBPM":false,"bpm":180},{"sectionNotes":[[113333.333333333,5,333.333333333333],[113750,5,0],[113833.333333333,6,0],[113916.666666667,5,0],[114000,5,0],[114083.333333333,6,0],[114166.666666667,6,0],[114250,5,0],[114333.333333333,5,0],[114583.333333333,6,0],[114500,6,0],[114416.666666667,6,0]],"typeOfSection":0,"lengthInSteps":16,"altAnim":false,"mustHitSection":true,"changeBPM":false,"bpm":180},{"sectionNotes":[[114666.666666667,2,250],[115166.666666667,2,0],[115250,3,0],[115333.333333333,1,83.3333333333333],[115500,2,83.3333333333333],[115666.666666667,0,83.3333333333333],[115833.333333333,3,83.3333333333333]],"typeOfSection":0,"lengthInSteps":16,"altAnim":false,"mustHitSection":true,"changeBPM":false,"bpm":180},{"sectionNotes":[[116000,3,166.666666666667],[116333.333333333,0,166.666666666667],[116583.333333333,2,166.666666666667],[116916.666666667,1,0],[117000,1,0],[117083.333333333,2,0],[117166.666666667,2,0],[117250,2,0],[116833.333333333,1,0]],"typeOfSection":0,"lengthInSteps":16,"altAnim":false,"mustHitSection":true,"changeBPM":false,"bpm":180},{"sectionNotes":[[117583.333333333,3,166.666666666667],[117583.333333333,4,166.666666666667],[117833.333333333,6,250],[117833.333333333,2,250],[118250,5,333.333333333333],[118250,1,333.333333333333]],"typeOfSection":0,"lengthInSteps":16,"altAnim":false,"mustHitSection":true,"changeBPM":false,"bpm":180},{"sectionNotes":[[119000,7,166.666666666667],[119000,0,166.666666666667],[119333.333333333,6,250],[119333.333333333,2,250]],"typeOfSection":0,"lengthInSteps":16,"altAnim":false,"mustHitSection":true,"changeBPM":false,"bpm":180},{"sectionNotes":[[120583.333333333,6,83.3333333333333],[120750,7,83.3333333333333],[120916.666666667,5,83.3333333333333],[121166.666666667,4,83.3333333333333],[121166.666666667,0,83.3333333333333],[120916.666666667,1,83.3333333333333],[121083.333333333,2,0],[121083.333333333,6,0],[120750,3,83.3333333333333],[120583.333333333,2,83.3333333333333]],"typeOfSection":0,"lengthInSteps":16,"altAnim":false,"mustHitSection":true,"changeBPM":false,"bpm":180},{"sectionNotes":[[121333.333333333,2,83.3333333333333],[121833.333333333,2,83.3333333333333],[121833.333333333,6,83.3333333333333],[121333.333333333,6,83.3333333333333],[121583.333333333,6,83.3333333333333],[121583.333333333,2,83.3333333333333],[122083.333333333,6,416.666666666667],[122083.333333333,2,416.666666666667]],"typeOfSection":0,"lengthInSteps":16,"altAnim":false,"mustHitSection":true,"changeBPM":false,"bpm":180},{"sectionNotes":[[123083.333333333,3,83.3333333333333],[123250,2,83.3333333333333],[123250,6,83.3333333333333],[123083.333333333,7,83.3333333333333],[123500,2,0],[123583.333333333,3,0],[123666.666666667,1,0],[123833.333333333,2,166.666666666667],[123833.333333333,6,166.666666666667],[123666.666666667,5,0],[123583.333333333,7,0],[123500,6,0],[122833.333333333,1,0],[122833.333333333,5,0]],"typeOfSection":0,"lengthInSteps":16,"altAnim":false,"mustHitSection":true,"changeBPM":false,"bpm":180},{"sectionNotes":[[124416.666666667,3,0],[124583.333333333,3,0],[124833.333333333,2,166.666666666667],[124833.333333333,6,166.666666666667],[124583.333333333,7,0],[124416.666666667,7,0],[125166.666666667,0,166.666666666667],[125166.666666667,4,166.666666666667]],"typeOfSection":0,"lengthInSteps":16,"altAnim":false,"mustHitSection":true,"changeBPM":false,"bpm":180},{"sectionNotes":[[125750,2,166.666666666667],[126166.666666667,2,166.666666666667],[126166.666666667,6,166.666666666667],[125750,6,166.666666666667]],"typeOfSection":0,"lengthInSteps":16,"altAnim":false,"mustHitSection":true,"changeBPM":false,"bpm":180},{"sectionNotes":[[126750,2,0],[126833.333333333,3,0],[127000,1,0],[127166.666666667,2,0],[127333.333333333,0,0],[127416.666666667,1,0],[127416.666666667,5,0],[127333.333333333,4,0],[127166.666666667,6,0],[127000,5,0],[126750,6,0],[126833.333333333,7,0],[127500,7,166.666666666667],[127500,3,166.666666666667],[127750,1,166.666666666667],[127750,5,166.666666666667]],"typeOfSection":0,"lengthInSteps":16,"altAnim":false,"mustHitSection":true,"changeBPM":false,"bpm":180},{"sectionNotes":[[128083.333333333,4,166.666666666667],[128083.333333333,3,166.666666666667],[128500,5,166.666666666667],[128500,1,166.666666666667],[129083.333333333,3,0],[129166.666666667,4,0],[129250,3,0],[129000,4,0],[128750,6,166.666666666667],[128750,2,166.666666666667]],"typeOfSection":0,"lengthInSteps":16,"altAnim":false,"mustHitSection":true,"changeBPM":false,"bpm":180},{"sectionNotes":[[129416.666666667,2,0],[129583.333333333,3,0],[129666.666666667,1,0],[129833.333333333,1,0],[130166.666666667,2,0],[130333.333333333,2,0],[130166.666666667,6,0],[130333.333333333,6,0],[129666.666666667,5,0],[129833.333333333,5,0],[129583.333333333,7,0],[129416.666666667,6,0]],"typeOfSection":0,"lengthInSteps":16,"altAnim":false,"mustHitSection":true,"changeBPM":false,"bpm":180},{"sectionNotes":[[130750,6,333.333333333333],[131333.333333333,6,166.666666666667],[131583.333333333,4,166.666666666667],[131833.333333333,7,250]],"typeOfSection":0,"lengthInSteps":16,"altAnim":false,"mustHitSection":true,"changeBPM":false,"bpm":180},{"sectionNotes":[[132083.333333333,6,166.666666666667],[132416.666666667,5,166.666666666667],[132750,7,250]],"typeOfSection":0,"lengthInSteps":16,"altAnim":false,"mustHitSection":true,"changeBPM":false,"bpm":180},{"sectionNotes":[[133416.666666667,5,0],[133500,6,0],[133666.666666667,5,0],[133750,6,0],[134000,7,0],[134166.666666667,6,0],[134250,6,0],[134500,5,0],[134583.333333333,7,0],[134416.666666667,5,0]],"typeOfSection":0,"lengthInSteps":16,"altAnim":false,"mustHitSection":true,"changeBPM":false,"bpm":180},{"sectionNotes":[[135250,5,0],[135500,6,0],[134750,4,0],[135000,5,0],[134666.666666667,6,0],[134916.666666667,6,0],[135416.666666667,7,0],[135750,5,0],[135833.333333333,6,0],[135916.666666667,6,0]],"typeOfSection":0,"lengthInSteps":16,"altAnim":false,"mustHitSection":true,"changeBPM":false,"bpm":180},{"sectionNotes":[[136166.666666667,2,166.666666666667],[136500,2,166.666666666667],[136750,3,166.666666666667],[137000,0,166.666666666667],[137250,2,0]],"typeOfSection":0,"lengthInSteps":16,"altAnim":false,"mustHitSection":true,"changeBPM":false,"bpm":180},{"sectionNotes":[[137416.666666667,3,166.666666666667],[137416.666666667,4,166.666666666667],[137666.666666667,3,166.666666666667],[137666.666666667,4,166.666666666667],[137916.666666667,7,250],[137916.666666667,0,250],[138250,6,333.333333333333],[138250,2,333.333333333333]],"typeOfSection":0,"lengthInSteps":16,"altAnim":false,"mustHitSection":true,"changeBPM":false,"bpm":180},{"sectionNotes":[[138916.666666667,2,83.3333333333333],[139166.666666667,3,83.3333333333333],[139333.333333333,1,83.3333333333333],[139500,2,83.3333333333333],[139666.666666667,1,250]],"typeOfSection":0,"lengthInSteps":16,"altAnim":false,"mustHitSection":true,"changeBPM":false,"bpm":180},{"sectionNotes":[[140083.333333333,2,83.3333333333333],[140333.333333333,3,83.3333333333333],[140500,2,83.3333333333333],[140666.666666667,0,83.3333333333333],[140833.333333333,0,83.3333333333333],[141000,0,83.3333333333333],[141166.666666667,0,83.3333333333333]],"typeOfSection":0,"lengthInSteps":16,"altAnim":false,"mustHitSection":true,"changeBPM":false,"bpm":180},{"sectionNotes":[[141666.666666667,3,83.3333333333333],[141916.666666667,1,83.3333333333333],[142166.666666667,2,83.3333333333333],[142333.333333333,1,83.3333333333333],[142500,3,83.3333333333333]],"typeOfSection":0,"lengthInSteps":16,"altAnim":false,"mustHitSection":true,"changeBPM":false,"bpm":180},{"sectionNotes":[[142750,2,83.3333333333333],[143166.666666667,2,83.3333333333333],[143333.333333333,1,583.333333333333]],"typeOfSection":0,"lengthInSteps":16,"altAnim":false,"mustHitSection":true,"changeBPM":false,"bpm":180},{"sectionNotes":[[144250,2,83.3333333333333],[144416.666666667,3,83.3333333333333],[144583.333333333,2,83.3333333333333],[144750,3,83.3333333333333],[144916.666666667,1,83.3333333333333],[145083.333333333,2,83.3333333333333],[145250,1,83.3333333333333]],"typeOfSection":0,"lengthInSteps":16,"altAnim":false,"mustHitSection":true,"changeBPM":false,"bpm":180},{"sectionNotes":[[145500,2,83.3333333333333],[145666.666666667,3,0],[145916.666666667,1,83.3333333333333],[146083.333333333,2,83.3333333333333],[146333.333333333,0,0],[146416.666666667,2,0],[146500,2,0],[146500,2,0],[146583.333333333,1,0]],"typeOfSection":0,"lengthInSteps":16,"altAnim":false,"mustHitSection":true,"changeBPM":false,"bpm":180},{"sectionNotes":[[147166.666666667,3,83.3333333333333],[147416.666666667,2,83.3333333333333],[147583.333333333,1,0],[147750,1,166.666666666667],[146833.333333333,0,83.3333333333333]],"typeOfSection":0,"lengthInSteps":16,"altAnim":false,"mustHitSection":true,"changeBPM":false,"bpm":180},{"sectionNotes":[[148166.666666667,2,83.3333333333333],[148333.333333333,3,0],[148583.333333333,2,83.3333333333333],[148833.333333333,2,83.3333333333333],[148416.666666667,0,83.3333333333333],[149000,3,250]],"typeOfSection":0,"lengthInSteps":16,"altAnim":false,"mustHitSection":true,"changeBPM":false,"bpm":180},{"sectionNotes":[[149333.333333333,3,250],[149333.333333333,4,250],[149666.666666667,2,83.3333333333333],[149666.666666667,6,83.3333333333333],[149833.333333333,3,83.3333333333333],[149833.333333333,7,83.3333333333333],[150083.333333333,2,83.3333333333333],[150083.333333333,6,83.3333333333333],[150250,1,83.3333333333333],[150250,5,83.3333333333333],[150416.666666667,1,83.3333333333333],[150416.666666667,5,83.3333333333333]],"typeOfSection":0,"lengthInSteps":16,"altAnim":false,"mustHitSection":true,"changeBPM":false,"bpm":180},{"sectionNotes":[[150833.333333333,2,83.3333333333333],[151000,3,83.3333333333333],[151000,7,83.3333333333333],[150833.333333333,6,83.3333333333333],[151166.666666667,2,0],[151333.333333333,2,0],[151500,2,0],[151500,6,0],[151333.333333333,6,0],[151166.666666667,6,0],[151666.666666667,1,250],[151666.666666667,5,250]],"typeOfSection":0,"lengthInSteps":16,"altAnim":false,"mustHitSection":true,"changeBPM":false,"bpm":180},{"sectionNotes":[[152083.333333333,2,250],[152083.333333333,6,250],[152583.333333333,3,83.3333333333333],[152750,0,83.3333333333333],[152750,4,83.3333333333333],[152583.333333333,7,83.3333333333333],[152916.666666667,6,250],[152916.666666667,2,250]],"typeOfSection":0,"lengthInSteps":16,"altAnim":false,"mustHitSection":true,"changeBPM":false,"bpm":180},{"sectionNotes":[[153416.666666667,2,83.3333333333333],[153583.333333333,3,83.3333333333333],[153750,0,83.3333333333333],[154000,1,83.3333333333333],[154250,1,0],[154250,5,0],[154000,5,83.3333333333333],[153750,4,83.3333333333333],[153583.333333333,7,83.3333333333333],[153416.666666667,6,83.3333333333333],[154416.666666667,5,166.666666666667],[154416.666666667,1,166.666666666667]],"typeOfSection":0,"lengthInSteps":16,"altAnim":false,"mustHitSection":true,"changeBPM":false,"bpm":180},{"sectionNotes":[[154833.333333333,6,250],[154833.333333333,2,250],[155166.666666667,3,83.3333333333333],[155166.666666667,7,83.3333333333333],[155416.666666667,2,83.3333333333333],[155416.666666667,6,83.3333333333333],[155666.666666667,1,83.3333333333333],[155666.666666667,5,83.3333333333333],[155916.666666667,3,83.3333333333333],[155916.666666667,7,83.3333333333333]],"typeOfSection":0,"lengthInSteps":16,"altAnim":false,"mustHitSection":true,"changeBPM":false,"bpm":180},{"sectionNotes":[[156333.333333333,5,166.666666666667],[156333.333333333,1,166.666666666667],[156666.666666667,3,166.666666666667],[156666.666666667,7,166.666666666667],[156916.666666667,1,333.333333333333],[156916.666666667,5,333.333333333333]],"typeOfSection":0,"lengthInSteps":16,"altAnim":false,"mustHitSection":true,"changeBPM":false,"bpm":180},{"sectionNotes":[[157500,6,333.333333333333],[157500,2,333.333333333333],[157916.666666667,6,0],[158000,7,0],[158083.333333333,6,0],[157916.666666667,2,0],[158000,3,0],[158083.333333333,2,0],[158250,2,250],[158250,6,250]],"typeOfSection":0,"lengthInSteps":16,"altAnim":false,"mustHitSection":true,"changeBPM":false,"bpm":180},{"sectionNotes":[[158750,6,166.666666666667],[158750,2,166.666666666667],[159083.333333333,1,333.333333333333],[159250,6,83.3333333333333],[159583.333333333,6,83.3333333333333],[159750,6,83.3333333333333],[159916.666666667,6,0],[159500,4,166.666666666667],[159416.666666667,7,0],[159083.333333333,6,83.3333333333333],[159250,5,83.3333333333333]],"typeOfSection":0,"lengthInSteps":16,"altAnim":false,"mustHitSection":true,"changeBPM":false,"bpm":180},{"sectionNotes":[[160333.333333333,7,83.3333333333333],[160500,4,416.666666666667],[161000,7,250]],"typeOfSection":0,"lengthInSteps":16,"altAnim":false,"mustHitSection":true,"changeBPM":false,"bpm":180},{"sectionNotes":[[161750,6,83.3333333333333],[162166.666666667,5,83.3333333333333],[162250,6,500]],"typeOfSection":0,"lengthInSteps":16,"altAnim":false,"mustHitSection":true,"changeBPM":false,"bpm":180},{"sectionNotes":[[163166.666666667,6,83.3333333333333],[163416.666666667,7,83.3333333333333],[163583.333333333,5,0],[163833.333333333,6,0],[163833.333333333,5,0],[163750,5,0],[163666.666666667,7,0],[163500,5,0]],"typeOfSection":0,"lengthInSteps":16,"altAnim":false,"mustHitSection":true,"changeBPM":false,"bpm":180},{"sectionNotes":[[164166.666666667,6,83.3333333333333],[164500,6,83.3333333333333],[164750,4,83.3333333333333],[164916.666666667,7,83.3333333333333],[164500,4,83.3333333333333],[164333.333333333,5,83.3333333333333],[165166.666666667,5,166.666666666667]],"typeOfSection":0,"lengthInSteps":16,"altAnim":false,"mustHitSection":true,"changeBPM":false,"bpm":180},{"sectionNotes":[[165833.333333333,2,83.3333333333333],[166083.333333333,3,250]],"typeOfSection":0,"lengthInSteps":16,"altAnim":false,"mustHitSection":true,"changeBPM":false,"bpm":180},{"sectionNotes":[[167250,2,166.666666666667],[167666.666666667,2,250]],"typeOfSection":0,"lengthInSteps":16,"altAnim":false,"mustHitSection":true,"changeBPM":false,"bpm":180},{"sectionNotes":[[168416.666666667,3,166.666666666667],[168666.666666667,2,166.666666666667],[168916.666666667,0,83.3333333333333],[169083.333333333,1,0]],"typeOfSection":0,"lengthInSteps":16,"altAnim":false,"mustHitSection":true,"changeBPM":false,"bpm":180},{"sectionNotes":[[169500,2,0],[169750,3,0],[169833.333333333,1,0],[169916.666666667,2,0],[170083.333333333,1,0],[170166.666666667,2,0],[170333.333333333,2,250]],"typeOfSection":0,"lengthInSteps":16,"altAnim":false,"mustHitSection":true,"changeBPM":false,"bpm":180},{"sectionNotes":[[170750,6,166.666666666667],[171333.333333333,5,166.666666666667],[171583.333333333,6,166.666666666667],[171083.333333333,5,166.666666666667],[171750,7,166.666666666667]],"typeOfSection":0,"lengthInSteps":16,"altAnim":false,"mustHitSection":true,"changeBPM":false,"bpm":180},{"sectionNotes":[[172166.666666667,5,83.3333333333333],[172666.666666667,7,83.3333333333333],[172833.333333333,5,83.3333333333333],[172416.666666667,6,83.3333333333333],[172666.666666667,4,83.3333333333333],[172000,6,83.3333333333333],[173000,5,0],[173166.666666667,5,0],[173250,5,0]],"typeOfSection":0,"lengthInSteps":16,"altAnim":false,"mustHitSection":true,"changeBPM":false,"bpm":180},{"sectionNotes":[[173583.333333333,3,250],[173916.666666667,2,83.3333333333333],[174166.666666667,2,83.3333333333333],[174416.666666667,2,0],[174583.333333333,3,0]],"typeOfSection":0,"lengthInSteps":16,"altAnim":false,"mustHitSection":true,"changeBPM":false,"bpm":180},{"sectionNotes":[[174833.333333333,2,83.3333333333333],[175083.333333333,2,0],[175250,1,0],[175416.666666667,3,0],[175500,1,0],[175666.666666667,2,0],[175833.333333333,2,0],[175916.666666667,2,0]],"typeOfSection":0,"lengthInSteps":16,"altAnim":false,"mustHitSection":true,"changeBPM":false,"bpm":180},{"sectionNotes":[[176250,6,250],[176583.333333333,5,0],[176750,6,0],[176916.666666667,5,0],[177000,6,166.666666666667],[177250,7,250]],"typeOfSection":0,"lengthInSteps":16,"altAnim":false,"mustHitSection":true,"changeBPM":false,"bpm":180},{"sectionNotes":[[177583.333333333,6,0],[177666.666666667,7,0],[177750,6,0],[177833.333333333,7,0],[178000,6,333.333333333333]],"typeOfSection":0,"lengthInSteps":16,"altAnim":false,"mustHitSection":true,"changeBPM":false,"bpm":180},{"sectionNotes":[[178833.333333333,3,250],[179250,2,166.666666666667],[179500,2,83.3333333333333],[179666.666666667,2,0],[179750,3,0],[179916.666666667,3,0]],"typeOfSection":0,"lengthInSteps":16,"altAnim":false,"mustHitSection":true,"changeBPM":false,"bpm":180},{"sectionNotes":[[180166.666666667,3,83.3333333333333],[180416.666666667,3,83.3333333333333],[180666.666666667,3,83.3333333333333],[180916.666666667,3,333.333333333333]],"typeOfSection":0,"lengthInSteps":16,"altAnim":false,"mustHitSection":true,"changeBPM":false,"bpm":180},{"sectionNotes":[],"typeOfSection":0,"lengthInSteps":16,"altAnim":false,"mustHitSection":true,"changeBPM":false,"bpm":180},{"sectionNotes":[],"typeOfSection":0,"lengthInSteps":16,"altAnim":false,"mustHitSection":true,"changeBPM":false,"bpm":180},{"sectionNotes":[],"typeOfSection":0,"lengthInSteps":16,"altAnim":false,"mustHitSection":true,"changeBPM":false,"bpm":180},{"sectionNotes":[],"typeOfSection":0,"lengthInSteps":16,"altAnim":false,"mustHitSection":true,"changeBPM":false,"bpm":180},{"sectionNotes":[],"typeOfSection":0,"lengthInSteps":16,"altAnim":false,"mustHitSection":true,"changeBPM":false,"bpm":180},{"sectionNotes":[],"typeOfSection":0,"lengthInSteps":16,"altAnim":false,"mustHitSection":true,"changeBPM":false,"bpm":180},{"lengthInSteps":16,"altAnim":false,"typeOfSection":0,"sectionNotes":[],"bpm":180,"changeBPM":false,"mustHitSection":true},{"lengthInSteps":16,"altAnim":false,"typeOfSection":0,"sectionNotes":[],"bpm":180,"changeBPM":false,"mustHitSection":true}],"sections":144,"bpm":180,"song":{"isMoody":false,"player1":"bf","notes":[{"typeOfSection":0,"lengthInSteps":16,"sectionNotes":[],"mustHitSection":true},{"typeOfSection":0,"lengthInSteps":16,"sectionNotes":[],"mustHitSection":true},{"typeOfSection":0,"lengthInSteps":16,"sectionNotes":[],"mustHitSection":true},{"typeOfSection":0,"lengthInSteps":16,"sectionNotes":[],"mustHitSection":true},{"typeOfSection":0,"lengthInSteps":16,"sectionNotes":[],"mustHitSection":true},{"typeOfSection":0,"lengthInSteps":16,"sectionNotes":[],"mustHitSection":true},{"typeOfSection":0,"lengthInSteps":16,"sectionNotes":[],"mustHitSection":true},{"typeOfSection":0,"lengthInSteps":16,"sectionNotes":[],"mustHitSection":true},{"typeOfSection":0,"lengthInSteps":16,"sectionNotes":[[10667,2,0],[11000,0,0],[11333,2,0],[11750,0,0],[11833,3,0]],"mustHitSection":false},{"typeOfSection":0,"lengthInSteps":16,"sectionNotes":[[12000,2,0],[12333,0,0],[12667,2,0],[13083,0,0],[13250,3,0]],"mustHitSection":false},{"typeOfSection":0,"lengthInSteps":16,"sectionNotes":[[13333.6666666667,2,0],[13666.6666666667,0,0],[13999.6666666667,2,0],[14416.6666666667,0,0],[14499.6666666667,3,0]],"mustHitSection":true},{"typeOfSection":0,"lengthInSteps":16,"sectionNotes":[[14666.6666666667,2,0],[14833.6666666667,3,0],[14999.6666666667,0,0],[15333.6666666667,2,0],[15749.6666666667,0,0],[15916.6666666667,3,0]],"mustHitSection":true},{"typeOfSection":0,"lengthInSteps":16,"sectionNotes":[[16000,1,0],[16333,0,0],[16500,3,0],[16667,1,0]],"mustHitSection":false},{"typeOfSection":0,"lengthInSteps":16,"sectionNotes":[[17348,1,0],[17750,0,0],[17917,0,0],[18083,3,0],[18250,3,0],[18417,3,0],[18583,3,0]],"mustHitSection":false},{"typeOfSection":0,"lengthInSteps":16,"sectionNotes":[[18666.6666666667,1,0],[18999.6666666667,0,0],[19166.6666666667,3,0],[19333.6666666667,1,0]],"mustHitSection":true},{"typeOfSection":0,"lengthInSteps":16,"sectionNotes":[[20014.6666666667,1,0],[20416.6666666667,0,0],[20583.6666666667,0,0],[20749.6666666667,3,0],[20916.6666666667,3,0],[21083.6666666667,3,0],[21249.6666666667,3,0]],"mustHitSection":true},{"typeOfSection":0,"lengthInSteps":16,"sectionNotes":[[21750,2,0],[22083,3,0]],"mustHitSection":false},{"typeOfSection":0,"lengthInSteps":16,"sectionNotes":[[22833,1,0],[23000,3,0],[23250,0,0]],"mustHitSection":false},{"typeOfSection":0,"lengthInSteps":16,"sectionNotes":[[24417,2,0],[24750,1,0],[25000,0,0]],"mustHitSection":false},{"typeOfSection":0,"lengthInSteps":16,"sectionNotes":[[25342,2,0],[25583,0,0],[25917,3,0],[26083,2,0]],"mustHitSection":false},{"typeOfSection":0,"lengthInSteps":16,"sectionNotes":[[27083.3333333333,2,0],[27416.3333333333,3,0]],"mustHitSection":true},{"typeOfSection":0,"lengthInSteps":16,"sectionNotes":[[28166.3333333333,1,0],[28333.3333333333,3,0],[28583.3333333333,0,0]],"mustHitSection":true},{"typeOfSection":0,"lengthInSteps":16,"sectionNotes":[[29750.3333333333,2,0],[30083.3333333333,1,0],[30333.3333333333,0,0]],"mustHitSection":true},{"typeOfSection":0,"lengthInSteps":16,"sectionNotes":[[30675.3333333333,2,0],[30916.3333333333,0,0],[31250.3333333333,3,0],[31416.3333333333,2,0]],"mustHitSection":true},{"typeOfSection":0,"lengthInSteps":16,"sectionNotes":[[32167,0,0],[32333,3,0],[32500,2,0],[33000,0,0]],"mustHitSection":false},{"typeOfSection":0,"lengthInSteps":16,"sectionNotes":[[33500,2,0],[33667,3,0],[34083,2,0],[34417,0,0]],"mustHitSection":false},{"typeOfSection":0,"lengthInSteps":16,"sectionNotes":[[34669,0,0],[35000,1,0],[35333,3,0],[35667,1,0]],"mustHitSection":false},{"typeOfSection":0,"lengthInSteps":16,"sectionNotes":[[36008,2,0],[36333,3,0],[36750,0,0]],"mustHitSection":false},{"typeOfSection":0,"lengthInSteps":16,"sectionNotes":[[37583,1,0],[38083,0,0],[38333,1,0],[37750,3,0]],"mustHitSection":false},{"typeOfSection":0,"lengthInSteps":16,"sectionNotes":[[38679,0,0],[39167,0,0],[39333,2,0],[39500,3,0]],"mustHitSection":false},{"typeOfSection":0,"lengthInSteps":16,"sectionNotes":[[40167,0,0],[40333,3,0],[40750,2,0],[40917,3,0],[41250,3,0]],"mustHitSection":false},{"typeOfSection":0,"lengthInSteps":16,"sectionNotes":[[41337,4,0],[41750,6,0],[42083,6,0],[42417,4,0],[42583,5,0],[41348,0,0],[41750,0,0],[42167,2,0],[42333,3,0],[41583,1,0],[41917,3,0]],"mustHitSection":false},{"typeOfSection":0,"lengthInSteps":16,"sectionNotes":[[42833.6666666667,0,0],[42999.6666666667,3,0],[43166.6666666667,2,0],[43666.6666666667,0,0]],"mustHitSection":true},{"typeOfSection":0,"lengthInSteps":16,"sectionNotes":[[44166.6666666667,2,0],[44333.6666666667,3,0],[44749.6666666667,2,0],[45083.6666666667,0,0]],"mustHitSection":true},{"typeOfSection":0,"lengthInSteps":16,"sectionNotes":[[45335.6666666667,0,0],[45666.6666666667,1,0],[45999.6666666667,3,0],[46333.6666666667,1,0]],"mustHitSection":true},{"typeOfSection":0,"lengthInSteps":16,"sectionNotes":[[46674.6666666667,2,0],[46999.6666666667,3,0],[47416.6666666667,0,0]],"mustHitSection":true},{"typeOfSection":0,"lengthInSteps":16,"sectionNotes":[[48249.6666666667,1,0],[48749.6666666667,0,0],[48999.6666666667,1,0],[48416.6666666667,3,0]],"mustHitSection":true},{"typeOfSection":0,"lengthInSteps":16,"sectionNotes":[[49345.6666666667,0,0],[49833.6666666667,0,0],[49999.6666666667,2,0],[50166.6666666667,3,0]],"mustHitSection":true},{"typeOfSection":0,"lengthInSteps":16,"sectionNotes":[[50833.6666666667,0,0],[50999.6666666667,3,0],[51416.6666666667,2,0],[51583.6666666667,3,0],[51916.6666666667,3,0]],"mustHitSection":true},{"typeOfSection":0,"lengthInSteps":16,"sectionNotes":[[52014.6666666667,0,0],[52417,2,0],[52750,3,0],[53000,3,0]],"mustHitSection":true},{"typeOfSection":0,"lengthInSteps":16,"sectionNotes":[[53333.6666666667,2,0],[53666.6666666667,0,0],[53999.6666666667,2,0],[54416.6666666667,0,0],[54499.6666666667,3,0]],"mustHitSection":false},{"typeOfSection":0,"lengthInSteps":16,"sectionNotes":[[54666.6666666667,2,0],[54999.6666666667,0,0],[55333.6666666667,2,0],[55749.6666666667,0,0],[55916.6666666667,3,0]],"mustHitSection":false},{"typeOfSection":0,"lengthInSteps":16,"sectionNotes":[[56000.3333333333,2,0],[56333.3333333333,0,0],[56666.3333333333,2,0],[57083.3333333333,0,0],[57166.3333333333,3,0]],"mustHitSection":true},{"typeOfSection":0,"lengthInSteps":16,"sectionNotes":[[57333.3333333333,2,0],[57500.3333333333,3,0],[57666.3333333333,0,0],[58000.3333333333,2,0],[58416.3333333333,0,0],[58583.3333333333,3,0]],"mustHitSection":true},{"typeOfSection":0,"lengthInSteps":16,"sectionNotes":[[58666.6666666667,1,0],[58999.6666666667,0,0],[59166.6666666667,3,0],[59333.6666666667,1,0]],"mustHitSection":false},{"typeOfSection":0,"lengthInSteps":16,"sectionNotes":[[60014.6666666667,1,0],[60416.6666666667,0,0],[60583.6666666667,0,0],[60749.6666666667,3,0],[60916.6666666667,3,0],[61083.6666666667,3,0],[61249.6666666667,3,0]],"mustHitSection":false},{"typeOfSection":0,"lengthInSteps":16,"sectionNotes":[[61333.3333333333,1,0],[61666.3333333333,0,0],[61833.3333333333,3,0],[62000.3333333333,1,0]],"mustHitSection":true},{"typeOfSection":0,"lengthInSteps":16,"sectionNotes":[[62681.3333333333,1,0],[63083.3333333333,0,0],[63250.3333333333,0,0],[63416.3333333333,3,0],[63583.3333333333,3,0],[63750.3333333333,3,0],[63916.3333333333,3,0],[62667,4,0],[63000,6,0],[63333,6,0],[63667,4,0]],"mustHitSection":true},{"typeOfSection":0,"lengthInSteps":16,"sectionNotes":[[64416.6666666667,2,0],[64583.6666666667,1,0],[64749.6666666667,3,0]],"mustHitSection":false},{"typeOfSection":0,"lengthInSteps":16,"sectionNotes":[[65499.6666666667,1,0],[65666.6666666667,3,0],[65916.6666666667,0,0]],"mustHitSection":false},{"typeOfSection":0,"lengthInSteps":16,"sectionNotes":[[67083.6666666667,2,0],[67416.6666666667,1,0],[67666.6666666667,0,0],[67833.6666666667,1,0]],"mustHitSection":false},{"typeOfSection":0,"lengthInSteps":16,"sectionNotes":[[68008.6666666667,2,0],[68166.6666666667,3,0],[68249.6666666667,0,0],[68416.6666666667,1,0],[68583.6666666667,3,0],[68749.6666666667,2,0],[68000,4,0],[68167,5,0],[68500,7,0],[68833,5,0],[69000,4,0],[69167,5,0]],"mustHitSection":false},{"typeOfSection":0,"lengthInSteps":16,"sectionNotes":[[69750,2,0],[69917,1,0],[70083,3,0]],"mustHitSection":true},{"typeOfSection":0,"lengthInSteps":16,"sectionNotes":[[70833,1,0],[71000,3,0],[71250,0,0]],"mustHitSection":true},{"typeOfSection":0,"lengthInSteps":16,"sectionNotes":[[72417,2,0],[72750,1,0],[73000,0,0],[73167,1,0]],"mustHitSection":true},{"typeOfSection":0,"lengthInSteps":16,"sectionNotes":[[73342,2,0],[73583,0,0],[73917,3,0],[74083,2,0]],"mustHitSection":true},{"typeOfSection":0,"lengthInSteps":16,"sectionNotes":[[74667,2,0],[75000,0,0],[75167,1,0],[75750,0,0],[75833,3,0]],"mustHitSection":false},{"typeOfSection":0,"lengthInSteps":16,"sectionNotes":[[76000,2,0],[76333,0,0],[76667,2,0],[77000,2,0]],"mustHitSection":false},{"typeOfSection":0,"lengthInSteps":16,"sectionNotes":[[77333.6666666667,2,0],[77666.6666666667,0,0],[77833.6666666667,1,0],[78416.6666666667,0,0],[78499.6666666667,3,0]],"mustHitSection":true},{"typeOfSection":0,"lengthInSteps":16,"sectionNotes":[[78666.6666666667,2,0],[78999.6666666667,0,0],[79333.6666666667,2,0],[79666.6666666667,2,0]],"mustHitSection":true},{"typeOfSection":0,"lengthInSteps":16,"sectionNotes":[[80000,1,0],[80333,0,0],[80500,3,0],[80667,1,0],[81000,1,0]],"mustHitSection":false},{"typeOfSection":0,"lengthInSteps":16,"sectionNotes":[[81348,1,0],[81667,1,0],[82000,1,0]],"mustHitSection":false},{"lengthInSteps":16,"sectionNotes":[[82666.6666666667,1,0],[82999.6666666667,0,0],[83166.6666666667,3,0],[83333.6666666667,1,0],[83667,1,0]],"typeOfSection":0,"mustHitSection":true,"changeBPM":false,"bpm":180},{"lengthInSteps":16,"sectionNotes":[[84014.6666666667,1,0],[84333.6666666667,1,0],[84666.6666666667,1,0]],"typeOfSection":0,"mustHitSection":true,"changeBPM":false,"bpm":180},{"lengthInSteps":16,"sectionNotes":[[85583.3333333333,6,0],[85666.6666666667,7,0],[85750,6,0],[85916.6666666667,7,0],[86000,6,0],[86166.6666666667,6,0],[86250,6,0],[86416.6666666667,6,0],[86583.3333333333,7,0]],"typeOfSection":0,"mustHitSection":true,"changeBPM":false,"bpm":180},{"sectionNotes":[[86666.6666666667,6,0],[86916.6666666667,7,0],[87000,6,250],[87000,2,250],[87416.6666666667,1,166.666666666667],[87416.6666666667,5,166.666666666667],[87666.6666666667,4,250],[87666.6666666667,3,250]],"typeOfSection":0,"lengthInSteps":16,"altAnim":false,"mustHitSection":true,"changeBPM":false,"bpm":180},{"sectionNotes":[[88083.3333333333,2,0],[88166.6666666667,3,0],[88250,2,0],[88416.6666666667,3,0],[88583.3333333333,2,0],[88750,2,0],[88916.6666666667,2,0],[89083.3333333333,2,0],[89166.6666666667,3,0],[89250,3,0]],"typeOfSection":0,"lengthInSteps":16,"altAnim":false,"mustHitSection":true,"changeBPM":false,"bpm":180},{"sectionNotes":[[89666.6666666667,2,0],[89833.3333333333,2,0],[90000,1,0],[90166.6666666667,3,0],[90333.3333333333,2,0],[90500,2,0],[90583.3333333333,1,0]],"typeOfSection":0,"lengthInSteps":16,"altAnim":false,"mustHitSection":true,"changeBPM":false,"bpm":180},{"sectionNotes":[[90833.3333333333,3,166.666666666667],[91250,0,166.666666666667],[91583.3333333333,2,166.666666666667],[91833.3333333333,1,166.666666666667]],"typeOfSection":0,"lengthInSteps":16,"altAnim":false,"mustHitSection":true,"changeBPM":false,"bpm":180},{"sectionNotes":[[92000,1,166.666666666667],[92333.3333333333,1,0],[92583.3333333333,1,0],[92833.3333333333,1,0],[93166.6666666667,1,0]],"typeOfSection":0,"lengthInSteps":16,"altAnim":false,"mustHitSection":true,"changeBPM":false,"bpm":180},{"sectionNotes":[[93750,2,0],[93833.3333333333,3,0],[93916.6666666667,2,0],[94083.3333333333,2,0],[94166.6666666667,1,0],[94250,1,0],[94500,3,0]],"typeOfSection":0,"lengthInSteps":16,"altAnim":false,"mustHitSection":true,"changeBPM":false,"bpm":180},{"sectionNotes":[[94916.6666666667,1,0],[95083.3333333333,3,0],[95250,1,0],[95583.3333333333,3,0],[95666.6666666667,1,0],[95333.3333333333,3,0],[94666.6666666667,0,0],[95916.6666666667,2,0],[95833.3333333333,2,0]],"typeOfSection":0,"lengthInSteps":16,"altAnim":false,"mustHitSection":true,"changeBPM":false,"bpm":180},{"sectionNotes":[[96166.6666666667,3,83.3333333333333],[96416.6666666667,2,83.3333333333333],[96666.6666666667,2,83.3333333333333],[97083.3333333333,1,83.3333333333333],[96833.3333333333,0,83.3333333333333]],"typeOfSection":0,"lengthInSteps":16,"altAnim":false,"mustHitSection":true,"changeBPM":false,"bpm":180},{"sectionNotes":[[97500,3,83.3333333333333],[97666.6666666667,0,83.3333333333333],[97833.3333333333,1,83.3333333333333],[98166.6666666667,2,83.3333333333333],[98333.3333333333,2,83.3333333333333],[98583.3333333333,3,166.666666666667]],"typeOfSection":0,"lengthInSteps":16,"altAnim":false,"mustHitSection":true,"changeBPM":false,"bpm":180},{"sectionNotes":[[98833.3333333333,6,83.3333333333333],[99083.3333333333,5,83.3333333333333],[99416.6666666667,5,83.3333333333333],[99250,7,83.3333333333333],[99666.6666666667,6,83.3333333333333],[99833.3333333333,6,83.3333333333333]],"typeOfSection":0,"lengthInSteps":16,"altAnim":false,"mustHitSection":true,"changeBPM":false,"bpm":180},{"sectionNotes":[[100166.666666667,5,0],[100250,6,0],[100416.666666667,5,0],[100583.333333333,6,0],[100750,6,0],[100833.333333333,5,0],[101000,6,0],[101166.666666667,7,0],[101250,7,0]],"typeOfSection":0,"lengthInSteps":16,"altAnim":false,"mustHitSection":true,"changeBPM":false,"bpm":180},{"sectionNotes":[[101333.333333333,5,0],[101500,7,0],[101416.666666667,6,0],[101666.666666667,3,83.3333333333333],[101916.666666667,2,83.3333333333333],[102166.666666667,2,83.3333333333333],[102333.333333333,0,83.3333333333333],[102500,1,83.3333333333333]],"typeOfSection":0,"lengthInSteps":16,"altAnim":false,"mustHitSection":true,"changeBPM":false,"bpm":180},{"sectionNotes":[[102750,2,83.3333333333333],[102916.666666667,3,83.3333333333333],[103083.333333333,2,83.3333333333333],[103250,3,83.3333333333333],[103500,1,83.3333333333333],[103666.666666667,1,83.3333333333333],[103833.333333333,1,83.3333333333333]],"typeOfSection":0,"lengthInSteps":16,"altAnim":false,"mustHitSection":true,"changeBPM":false,"bpm":180},{"sectionNotes":[[104000,3,250],[104000,4,250],[104333.333333333,2,83.3333333333333],[104500,2,83.3333333333333],[104666.666666667,2,83.3333333333333],[104333.333333333,6,83.3333333333333],[104500,6,83.3333333333333],[104666.666666667,6,83.3333333333333],[104833.333333333,6,83.3333333333333],[104833.333333333,2,83.3333333333333],[105000,2,83.3333333333333],[105166.666666667,2,83.3333333333333],[105000,6,83.3333333333333],[105166.666666667,6,83.3333333333333]],"typeOfSection":0,"lengthInSteps":16,"altAnim":false,"mustHitSection":true,"changeBPM":false,"bpm":180},{"sectionNotes":[[105583.333333333,7,250],[105583.333333333,0,250],[106166.666666667,6,0],[106250,7,0],[106333.333333333,6,0],[106416.666666667,7,0],[106500,6,0],[106583.333333333,7,0]],"typeOfSection":0,"lengthInSteps":16,"altAnim":false,"mustHitSection":true,"changeBPM":false,"bpm":180},{"sectionNotes":[[106666.666666667,6,0],[106833.333333333,7,0],[106666.666666667,2,0],[106833.333333333,3,0],[107000,1,0],[107000,5,0],[107166.666666667,4,0],[107166.666666667,0,0],[107416.666666667,6,0],[107583.333333333,6,0],[107416.666666667,2,0],[107583.333333333,2,0],[107750,1,0],[107916.666666667,1,0],[107750,5,0],[107916.666666667,5,0]],"typeOfSection":0,"lengthInSteps":16,"altAnim":false,"mustHitSection":true,"changeBPM":false,"bpm":180},{"sectionNotes":[[108000,6,0],[108250,6,0],[108333.333333333,5,0],[108583.333333333,6,0],[108833.333333333,7,0],[108916.666666667,5,0],[108916.666666667,1,0],[108833.333333333,3,0],[108583.333333333,2,0],[108333.333333333,1,0],[108250,2,0],[108000,2,0],[109083.333333333,5,0],[109250,5,0],[109250,1,0],[109083.333333333,1,0]],"typeOfSection":0,"lengthInSteps":16,"altAnim":false,"mustHitSection":true,"changeBPM":false,"bpm":180},{"sectionNotes":[[109333.333333333,6,166.666666666667],[109333.333333333,2,166.666666666667],[109666.666666667,6,0],[109916.666666667,5,0],[110000,6,0],[110166.666666667,5,0],[110166.666666667,1,0],[110000,2,0],[109916.666666667,1,0],[109666.666666667,2,0],[110250,7,0],[110250,3,0],[110416.666666667,0,0],[110583.333333333,3,0],[110416.666666667,4,0],[110583.333333333,7,0]],"typeOfSection":0,"lengthInSteps":16,"altAnim":false,"mustHitSection":true,"changeBPM":false,"bpm":180},{"sectionNotes":[[110666.666666667,2,166.666666666667],[111083.333333333,2,83.3333333333333],[111250,1,83.3333333333333],[111500,2,0]],"typeOfSection":0,"lengthInSteps":16,"altAnim":false,"mustHitSection":true,"changeBPM":false,"bpm":180},{"sectionNotes":[[112000,6,83.3333333333333],[112166.666666667,5,83.3333333333333],[112416.666666667,6,0],[112666.666666667,7,0],[112750,6,166.666666666667],[113083.333333333,6,0],[113166.666666667,6,0],[113250,7,0]],"typeOfSection":0,"lengthInSteps":16,"altAnim":false,"mustHitSection":true,"changeBPM":false,"bpm":180},{"sectionNotes":[[113333.333333333,5,333.333333333333],[113750,5,0],[113833.333333333,6,0],[113916.666666667,5,0],[114000,5,0],[114083.333333333,6,0],[114166.666666667,6,0],[114250,5,0],[114333.333333333,5,0],[114583.333333333,6,0],[114500,6,0],[114416.666666667,6,0]],"typeOfSection":0,"lengthInSteps":16,"altAnim":false,"mustHitSection":true,"changeBPM":false,"bpm":180},{"sectionNotes":[[114666.666666667,2,250],[115166.666666667,2,0],[115250,3,0],[115333.333333333,1,83.3333333333333],[115500,2,83.3333333333333],[115666.666666667,0,83.3333333333333],[115833.333333333,3,83.3333333333333]],"typeOfSection":0,"lengthInSteps":16,"altAnim":false,"mustHitSection":true,"changeBPM":false,"bpm":180},{"sectionNotes":[[116000,3,166.666666666667],[116333.333333333,0,166.666666666667],[116583.333333333,2,166.666666666667],[116916.666666667,1,0],[117000,1,0],[117083.333333333,2,0],[117166.666666667,2,0],[117250,2,0],[116833.333333333,1,0]],"typeOfSection":0,"lengthInSteps":16,"altAnim":false,"mustHitSection":true,"changeBPM":false,"bpm":180},{"sectionNotes":[[117583.333333333,3,166.666666666667],[117583.333333333,4,166.666666666667],[117833.333333333,6,250],[117833.333333333,2,250],[118250,5,333.333333333333],[118250,1,333.333333333333]],"typeOfSection":0,"lengthInSteps":16,"altAnim":false,"mustHitSection":true,"changeBPM":false,"bpm":180},{"sectionNotes":[[119000,7,166.666666666667],[119000,0,166.666666666667],[119333.333333333,6,250],[119333.333333333,2,250]],"typeOfSection":0,"lengthInSteps":16,"altAnim":false,"mustHitSection":true,"changeBPM":false,"bpm":180},{"sectionNotes":[[120583.333333333,6,83.3333333333333],[120750,7,83.3333333333333],[120916.666666667,5,83.3333333333333],[121166.666666667,4,83.3333333333333],[121166.666666667,0,83.3333333333333],[120916.666666667,1,83.3333333333333],[121083.333333333,2,0],[121083.333333333,6,0],[120750,3,83.3333333333333],[120583.333333333,2,83.3333333333333]],"typeOfSection":0,"lengthInSteps":16,"altAnim":false,"mustHitSection":true,"changeBPM":false,"bpm":180},{"sectionNotes":[[121333.333333333,2,83.3333333333333],[121833.333333333,2,83.3333333333333],[121833.333333333,6,83.3333333333333],[121333.333333333,6,83.3333333333333],[121583.333333333,6,83.3333333333333],[121583.333333333,2,83.3333333333333],[122083.333333333,6,416.666666666667],[122083.333333333,2,416.666666666667]],"typeOfSection":0,"lengthInSteps":16,"altAnim":false,"mustHitSection":true,"changeBPM":false,"bpm":180},{"sectionNotes":[[123083.333333333,3,83.3333333333333],[123250,2,83.3333333333333],[123250,6,83.3333333333333],[123083.333333333,7,83.3333333333333],[123500,2,0],[123583.333333333,3,0],[123666.666666667,1,0],[123833.333333333,2,166.666666666667],[123833.333333333,6,166.666666666667],[123666.666666667,5,0],[123583.333333333,7,0],[123500,6,0],[122833.333333333,1,0],[122833.333333333,5,0]],"typeOfSection":0,"lengthInSteps":16,"altAnim":false,"mustHitSection":true,"changeBPM":false,"bpm":180},{"sectionNotes":[[124416.666666667,3,0],[124583.333333333,3,0],[124833.333333333,2,166.666666666667],[124833.333333333,6,166.666666666667],[124583.333333333,7,0],[124416.666666667,7,0],[125166.666666667,0,166.666666666667],[125166.666666667,4,166.666666666667]],"typeOfSection":0,"lengthInSteps":16,"altAnim":false,"mustHitSection":true,"changeBPM":false,"bpm":180},{"sectionNotes":[[125750,2,166.666666666667],[126166.666666667,2,166.666666666667],[126166.666666667,6,166.666666666667],[125750,6,166.666666666667]],"typeOfSection":0,"lengthInSteps":16,"altAnim":false,"mustHitSection":true,"changeBPM":false,"bpm":180},{"sectionNotes":[[126750,2,0],[126833.333333333,3,0],[127000,1,0],[127166.666666667,2,0],[127333.333333333,0,0],[127416.666666667,1,0],[127416.666666667,5,0],[127333.333333333,4,0],[127166.666666667,6,0],[127000,5,0],[126750,6,0],[126833.333333333,7,0],[127500,7,166.666666666667],[127500,3,166.666666666667],[127750,1,166.666666666667],[127750,5,166.666666666667]],"typeOfSection":0,"lengthInSteps":16,"altAnim":false,"mustHitSection":true,"changeBPM":false,"bpm":180},{"sectionNotes":[[128083.333333333,4,166.666666666667],[128083.333333333,3,166.666666666667],[128500,5,166.666666666667],[128500,1,166.666666666667],[129083.333333333,3,0],[129166.666666667,4,0],[129250,3,0],[129000,4,0],[128750,6,166.666666666667],[128750,2,166.666666666667]],"typeOfSection":0,"lengthInSteps":16,"altAnim":false,"mustHitSection":true,"changeBPM":false,"bpm":180},{"sectionNotes":[[129416.666666667,2,0],[129583.333333333,3,0],[129666.666666667,1,0],[129833.333333333,1,0],[130166.666666667,2,0],[130333.333333333,2,0],[130166.666666667,6,0],[130333.333333333,6,0],[129666.666666667,5,0],[129833.333333333,5,0],[129583.333333333,7,0],[129416.666666667,6,0]],"typeOfSection":0,"lengthInSteps":16,"altAnim":false,"mustHitSection":true,"changeBPM":false,"bpm":180},{"sectionNotes":[[130750,6,333.333333333333],[131333.333333333,6,166.666666666667],[131583.333333333,4,166.666666666667],[131833.333333333,7,250]],"typeOfSection":0,"lengthInSteps":16,"altAnim":false,"mustHitSection":true,"changeBPM":false,"bpm":180},{"sectionNotes":[[132083.333333333,6,166.666666666667],[132416.666666667,5,166.666666666667],[132750,7,250]],"typeOfSection":0,"lengthInSteps":16,"altAnim":false,"mustHitSection":true,"changeBPM":false,"bpm":180},{"sectionNotes":[[133416.666666667,5,0],[133500,6,0],[133666.666666667,5,0],[133750,6,0],[134000,7,0],[134166.666666667,6,0],[134250,6,0],[134500,5,0],[134583.333333333,7,0],[134416.666666667,5,0]],"typeOfSection":0,"lengthInSteps":16,"altAnim":false,"mustHitSection":true,"changeBPM":false,"bpm":180},{"sectionNotes":[[135250,5,0],[135500,6,0],[134750,4,0],[135000,5,0],[134666.666666667,6,0],[134916.666666667,6,0],[135416.666666667,7,0],[135750,5,0],[135833.333333333,6,0],[135916.666666667,6,0]],"typeOfSection":0,"lengthInSteps":16,"altAnim":false,"mustHitSection":true,"changeBPM":false,"bpm":180},{"sectionNotes":[[136166.666666667,2,166.666666666667],[136500,2,166.666666666667],[136750,3,166.666666666667],[137000,0,166.666666666667],[137250,2,0]],"typeOfSection":0,"lengthInSteps":16,"altAnim":false,"mustHitSection":true,"changeBPM":false,"bpm":180},{"sectionNotes":[[137416.666666667,3,166.666666666667],[137416.666666667,4,166.666666666667],[137666.666666667,3,166.666666666667],[137666.666666667,4,166.666666666667],[137916.666666667,7,250],[137916.666666667,0,250],[138250,6,333.333333333333],[138250,2,333.333333333333]],"typeOfSection":0,"lengthInSteps":16,"altAnim":false,"mustHitSection":true,"changeBPM":false,"bpm":180},{"sectionNotes":[[138916.666666667,2,83.3333333333333],[139166.666666667,3,83.3333333333333],[139333.333333333,1,83.3333333333333],[139500,2,83.3333333333333],[139666.666666667,1,250]],"typeOfSection":0,"lengthInSteps":16,"altAnim":false,"mustHitSection":true,"changeBPM":false,"bpm":180},{"sectionNotes":[[140083.333333333,2,83.3333333333333],[140333.333333333,3,83.3333333333333],[140500,2,83.3333333333333],[140666.666666667,0,83.3333333333333],[140833.333333333,0,83.3333333333333],[141000,0,83.3333333333333],[141166.666666667,0,83.3333333333333]],"typeOfSection":0,"lengthInSteps":16,"altAnim":false,"mustHitSection":true,"changeBPM":false,"bpm":180},{"sectionNotes":[[141666.666666667,3,83.3333333333333],[141916.666666667,1,83.3333333333333],[142166.666666667,2,83.3333333333333],[142333.333333333,1,83.3333333333333],[142500,3,83.3333333333333]],"typeOfSection":0,"lengthInSteps":16,"altAnim":false,"mustHitSection":true,"changeBPM":false,"bpm":180},{"sectionNotes":[[142750,2,83.3333333333333],[143166.666666667,2,83.3333333333333],[143333.333333333,1,583.333333333333]],"typeOfSection":0,"lengthInSteps":16,"altAnim":false,"mustHitSection":true,"changeBPM":false,"bpm":180},{"sectionNotes":[[144250,2,83.3333333333333],[144416.666666667,3,83.3333333333333],[144583.333333333,2,83.3333333333333],[144750,3,83.3333333333333],[144916.666666667,1,83.3333333333333],[145083.333333333,2,83.3333333333333],[145250,1,83.3333333333333]],"typeOfSection":0,"lengthInSteps":16,"altAnim":false,"mustHitSection":true,"changeBPM":false,"bpm":180},{"sectionNotes":[[145500,2,83.3333333333333],[145666.666666667,3,0],[145916.666666667,1,83.3333333333333],[146083.333333333,2,83.3333333333333],[146333.333333333,0,0],[146416.666666667,2,0],[146500,2,0],[146500,2,0],[146583.333333333,1,0]],"typeOfSection":0,"lengthInSteps":16,"altAnim":false,"mustHitSection":true,"changeBPM":false,"bpm":180},{"sectionNotes":[[147166.666666667,3,83.3333333333333],[147416.666666667,2,83.3333333333333],[147583.333333333,1,0],[147750,1,166.666666666667],[146833.333333333,0,83.3333333333333]],"typeOfSection":0,"lengthInSteps":16,"altAnim":false,"mustHitSection":true,"changeBPM":false,"bpm":180},{"sectionNotes":[[148166.666666667,2,83.3333333333333],[148333.333333333,3,0],[148583.333333333,2,83.3333333333333],[148833.333333333,2,83.3333333333333],[148416.666666667,0,83.3333333333333],[149000,3,250]],"typeOfSection":0,"lengthInSteps":16,"altAnim":false,"mustHitSection":true,"changeBPM":false,"bpm":180},{"sectionNotes":[[149333.333333333,3,250],[149333.333333333,4,250],[149666.666666667,2,83.3333333333333],[149666.666666667,6,83.3333333333333],[149833.333333333,3,83.3333333333333],[149833.333333333,7,83.3333333333333],[150083.333333333,2,83.3333333333333],[150083.333333333,6,83.3333333333333],[150250,1,83.3333333333333],[150250,5,83.3333333333333],[150416.666666667,1,83.3333333333333],[150416.666666667,5,83.3333333333333]],"typeOfSection":0,"lengthInSteps":16,"altAnim":false,"mustHitSection":true,"changeBPM":false,"bpm":180},{"sectionNotes":[[150833.333333333,2,83.3333333333333],[151000,3,83.3333333333333],[151000,7,83.3333333333333],[150833.333333333,6,83.3333333333333],[151166.666666667,2,0],[151333.333333333,2,0],[151500,2,0],[151500,6,0],[151333.333333333,6,0],[151166.666666667,6,0],[151666.666666667,1,250],[151666.666666667,5,250]],"typeOfSection":0,"lengthInSteps":16,"altAnim":false,"mustHitSection":true,"changeBPM":false,"bpm":180},{"sectionNotes":[[152083.333333333,2,250],[152083.333333333,6,250],[152583.333333333,3,83.3333333333333],[152750,0,83.3333333333333],[152750,4,83.3333333333333],[152583.333333333,7,83.3333333333333],[152916.666666667,6,250],[152916.666666667,2,250]],"typeOfSection":0,"lengthInSteps":16,"altAnim":false,"mustHitSection":true,"changeBPM":false,"bpm":180},{"sectionNotes":[[153416.666666667,2,83.3333333333333],[153583.333333333,3,83.3333333333333],[153750,0,83.3333333333333],[154000,1,83.3333333333333],[154250,1,0],[154250,5,0],[154000,5,83.3333333333333],[153750,4,83.3333333333333],[153583.333333333,7,83.3333333333333],[153416.666666667,6,83.3333333333333],[154416.666666667,5,166.666666666667],[154416.666666667,1,166.666666666667]],"typeOfSection":0,"lengthInSteps":16,"altAnim":false,"mustHitSection":true,"changeBPM":false,"bpm":180},{"sectionNotes":[[154833.333333333,6,250],[154833.333333333,2,250],[155166.666666667,3,83.3333333333333],[155166.666666667,7,83.3333333333333],[155416.666666667,2,83.3333333333333],[155416.666666667,6,83.3333333333333],[155666.666666667,1,83.3333333333333],[155666.666666667,5,83.3333333333333],[155916.666666667,3,83.3333333333333],[155916.666666667,7,83.3333333333333]],"typeOfSection":0,"lengthInSteps":16,"altAnim":false,"mustHitSection":true,"changeBPM":false,"bpm":180},{"sectionNotes":[[156333.333333333,5,166.666666666667],[156333.333333333,1,166.666666666667],[156666.666666667,3,166.666666666667],[156666.666666667,7,166.666666666667],[156916.666666667,1,333.333333333333],[156916.666666667,5,333.333333333333]],"typeOfSection":0,"lengthInSteps":16,"altAnim":false,"mustHitSection":true,"changeBPM":false,"bpm":180},{"sectionNotes":[[157500,6,333.333333333333],[157500,2,333.333333333333],[157916.666666667,6,0],[158000,7,0],[158083.333333333,6,0],[157916.666666667,2,0],[158000,3,0],[158083.333333333,2,0],[158250,2,250],[158250,6,250]],"typeOfSection":0,"lengthInSteps":16,"altAnim":false,"mustHitSection":true,"changeBPM":false,"bpm":180},{"sectionNotes":[[158750,6,166.666666666667],[158750,2,166.666666666667],[159083.333333333,1,333.333333333333],[159250,6,83.3333333333333],[159583.333333333,6,83.3333333333333],[159750,6,83.3333333333333],[159916.666666667,6,0],[159500,4,166.666666666667],[159416.666666667,7,0],[159083.333333333,6,83.3333333333333],[159250,5,83.3333333333333]],"typeOfSection":0,"lengthInSteps":16,"altAnim":false,"mustHitSection":true,"changeBPM":false,"bpm":180},{"sectionNotes":[[160333.333333333,7,83.3333333333333],[160500,4,416.666666666667],[161000,7,250]],"typeOfSection":0,"lengthInSteps":16,"altAnim":false,"mustHitSection":true,"changeBPM":false,"bpm":180},{"sectionNotes":[[161750,6,83.3333333333333],[162166.666666667,5,83.3333333333333],[162250,6,500]],"typeOfSection":0,"lengthInSteps":16,"altAnim":false,"mustHitSection":true,"changeBPM":false,"bpm":180},{"sectionNotes":[[163166.666666667,6,83.3333333333333],[163416.666666667,7,83.3333333333333],[163583.333333333,5,0],[163833.333333333,6,0],[163833.333333333,5,0],[163750,5,0],[163666.666666667,7,0],[163500,5,0]],"typeOfSection":0,"lengthInSteps":16,"altAnim":false,"mustHitSection":true,"changeBPM":false,"bpm":180},{"sectionNotes":[[164166.666666667,6,83.3333333333333],[164500,6,83.3333333333333],[164750,4,83.3333333333333],[164916.666666667,7,83.3333333333333],[164500,4,83.3333333333333],[164333.333333333,5,83.3333333333333],[165166.666666667,5,166.666666666667]],"typeOfSection":0,"lengthInSteps":16,"altAnim":false,"mustHitSection":true,"changeBPM":false,"bpm":180},{"sectionNotes":[[165833.333333333,2,83.3333333333333],[166083.333333333,3,250]],"typeOfSection":0,"lengthInSteps":16,"altAnim":false,"mustHitSection":true,"changeBPM":false,"bpm":180},{"sectionNotes":[[167250,2,166.666666666667],[167666.666666667,2,250]],"typeOfSection":0,"lengthInSteps":16,"altAnim":false,"mustHitSection":true,"changeBPM":false,"bpm":180},{"sectionNotes":[[168416.666666667,3,166.666666666667],[168666.666666667,2,166.666666666667],[168916.666666667,0,83.3333333333333],[169083.333333333,1,0]],"typeOfSection":0,"lengthInSteps":16,"altAnim":false,"mustHitSection":true,"changeBPM":false,"bpm":180},{"sectionNotes":[[169500,2,0],[169750,3,0],[169833.333333333,1,0],[169916.666666667,2,0],[170083.333333333,1,0],[170166.666666667,2,0],[170333.333333333,2,250]],"typeOfSection":0,"lengthInSteps":16,"altAnim":false,"mustHitSection":true,"changeBPM":false,"bpm":180},{"sectionNotes":[[170750,6,166.666666666667],[171333.333333333,5,166.666666666667],[171583.333333333,6,166.666666666667],[171083.333333333,5,166.666666666667],[171750,7,166.666666666667]],"typeOfSection":0,"lengthInSteps":16,"altAnim":false,"mustHitSection":true,"changeBPM":false,"bpm":180},{"sectionNotes":[[172166.666666667,5,83.3333333333333],[172666.666666667,7,83.3333333333333],[172833.333333333,5,83.3333333333333],[172416.666666667,6,83.3333333333333],[172666.666666667,4,83.3333333333333],[172000,6,83.3333333333333],[173000,5,0],[173166.666666667,5,0],[173250,5,0]],"typeOfSection":0,"lengthInSteps":16,"altAnim":false,"mustHitSection":true,"changeBPM":false,"bpm":180},{"sectionNotes":[[173583.333333333,3,250],[173916.666666667,2,83.3333333333333],[174166.666666667,2,83.3333333333333],[174416.666666667,2,0],[174583.333333333,3,0]],"typeOfSection":0,"lengthInSteps":16,"altAnim":false,"mustHitSection":true,"changeBPM":false,"bpm":180},{"sectionNotes":[[174833.333333333,2,83.3333333333333],[175083.333333333,2,0],[175250,1,0],[175416.666666667,3,0],[175500,1,0],[175666.666666667,2,0],[175833.333333333,2,0],[175916.666666667,2,0]],"typeOfSection":0,"lengthInSteps":16,"altAnim":false,"mustHitSection":true,"changeBPM":false,"bpm":180},{"sectionNotes":[[176250,6,250],[176583.333333333,5,0],[176750,6,0],[176916.666666667,5,0],[177000,6,166.666666666667],[177250,7,250]],"typeOfSection":0,"lengthInSteps":16,"altAnim":false,"mustHitSection":true,"changeBPM":false,"bpm":180},{"sectionNotes":[[177583.333333333,6,0],[177666.666666667,7,0],[177750,6,0],[177833.333333333,7,0],[178000,6,333.333333333333]],"typeOfSection":0,"lengthInSteps":16,"altAnim":false,"mustHitSection":true,"changeBPM":false,"bpm":180},{"sectionNotes":[[178833.333333333,3,250],[179250,2,166.666666666667],[179500,2,83.3333333333333],[179666.666666667,2,0],[179750,3,0],[179916.666666667,3,0]],"typeOfSection":0,"lengthInSteps":16,"altAnim":false,"mustHitSection":true,"changeBPM":false,"bpm":180},{"sectionNotes":[[180166.666666667,3,83.3333333333333],[180416.666666667,3,83.3333333333333],[180666.666666667,3,83.3333333333333],[180916.666666667,3,333.333333333333]],"typeOfSection":0,"lengthInSteps":16,"altAnim":false,"mustHitSection":true,"changeBPM":false,"bpm":180},{"sectionNotes":[],"typeOfSection":0,"lengthInSteps":16,"altAnim":false,"mustHitSection":true,"changeBPM":false,"bpm":180},{"sectionNotes":[],"typeOfSection":0,"lengthInSteps":16,"altAnim":false,"mustHitSection":true,"changeBPM":false,"bpm":180},{"sectionNotes":[],"typeOfSection":0,"lengthInSteps":16,"altAnim":false,"mustHitSection":true,"changeBPM":false,"bpm":180},{"sectionNotes":[],"typeOfSection":0,"lengthInSteps":16,"altAnim":false,"mustHitSection":true,"changeBPM":false,"bpm":180},{"sectionNotes":[],"typeOfSection":0,"lengthInSteps":16,"altAnim":false,"mustHitSection":true,"changeBPM":false,"bpm":180},{"sectionNotes":[],"typeOfSection":0,"lengthInSteps":16,"altAnim":false,"mustHitSection":true,"changeBPM":false,"bpm":180},{"lengthInSteps":16,"altAnim":false,"typeOfSection":0,"sectionNotes":[],"bpm":180,"changeBPM":false,"mustHitSection":true},{"lengthInSteps":16,"altAnim":false,"typeOfSection":0,"sectionNotes":[],"bpm":180,"changeBPM":false,"mustHitSection":true}],"player2":"mrbone","cutsceneType":"none","song":"Femurs","uiType":"normal","stage":"Bonezone","validScore":true,"sections":45,"needsVoices":true,"speed":1.5,"bpm":180,"gf":"gf"}}