{"notes":[{"sectionNotes":[],"lengthInSteps":16,"typeOfSection":0,"altAnim":false,"changeBPM":false,"mustHitSection":true,"bpm":196},{"sectionNotes":[],"lengthInSteps":16,"typeOfSection":0,"altAnim":false,"changeBPM":false,"mustHitSection":true,"bpm":196},{"sectionNotes":[],"lengthInSteps":16,"typeOfSection":0,"altAnim":false,"changeBPM":false,"mustHitSection":false,"bpm":196},{"sectionNotes":[],"lengthInSteps":16,"typeOfSection":0,"altAnim":false,"changeBPM":false,"mustHitSection":false,"bpm":196},{"sectionNotes":[],"lengthInSteps":16,"typeOfSection":0,"altAnim":false,"changeBPM":false,"mustHitSection":false,"bpm":196},{"sectionNotes":[],"lengthInSteps":16,"typeOfSection":0,"altAnim":false,"changeBPM":false,"mustHitSection":false,"bpm":196},{"sectionNotes":[],"lengthInSteps":16,"typeOfSection":0,"altAnim":false,"changeBPM":false,"mustHitSection":true,"bpm":196},{"sectionNotes":[],"lengthInSteps":16,"typeOfSection":0,"altAnim":false,"changeBPM":false,"mustHitSection":true,"bpm":196},{"sectionNotes":[],"lengthInSteps":16,"typeOfSection":0,"altAnim":false,"changeBPM":false,"mustHitSection":true,"bpm":196},{"sectionNotes":[],"lengthInSteps":16,"typeOfSection":0,"altAnim":false,"changeBPM":false,"mustHitSection":true,"bpm":196},{"sectionNotes":[],"lengthInSteps":16,"typeOfSection":0,"altAnim":false,"changeBPM":false,"mustHitSection":false,"bpm":196},{"sectionNotes":[],"lengthInSteps":16,"typeOfSection":0,"altAnim":false,"changeBPM":false,"mustHitSection":false,"bpm":196},{"sectionNotes":[],"lengthInSteps":16,"typeOfSection":0,"altAnim":false,"changeBPM":false,"mustHitSection":false,"bpm":196},{"sectionNotes":[],"lengthInSteps":16,"typeOfSection":0,"altAnim":false,"changeBPM":false,"mustHitSection":false,"bpm":196},{"sectionNotes":[],"lengthInSteps":16,"typeOfSection":0,"altAnim":false,"changeBPM":false,"mustHitSection":true,"bpm":196},{"sectionNotes":[],"lengthInSteps":16,"typeOfSection":0,"altAnim":false,"changeBPM":false,"mustHitSection":true,"bpm":196},{"sectionNotes":[],"lengthInSteps":16,"typeOfSection":0,"altAnim":false,"changeBPM":false,"mustHitSection":true,"bpm":196},{"sectionNotes":[],"lengthInSteps":16,"typeOfSection":0,"altAnim":false,"changeBPM":false,"mustHitSection":true,"bpm":196},{"sectionNotes":[],"lengthInSteps":16,"typeOfSection":0,"altAnim":false,"changeBPM":false,"mustHitSection":false,"bpm":196},{"sectionNotes":[],"lengthInSteps":16,"typeOfSection":0,"altAnim":false,"changeBPM":false,"mustHitSection":false,"bpm":196},{"sectionNotes":[],"lengthInSteps":16,"typeOfSection":0,"altAnim":false,"changeBPM":false,"mustHitSection":false,"bpm":196},{"sectionNotes":[],"lengthInSteps":16,"typeOfSection":0,"altAnim":false,"changeBPM":false,"mustHitSection":false,"bpm":196},{"sectionNotes":[],"lengthInSteps":16,"typeOfSection":0,"altAnim":false,"changeBPM":false,"mustHitSection":true,"bpm":196},{"sectionNotes":[],"lengthInSteps":16,"typeOfSection":0,"altAnim":false,"changeBPM":false,"mustHitSection":true,"bpm":196},{"sectionNotes":[],"lengthInSteps":16,"typeOfSection":0,"altAnim":false,"changeBPM":false,"mustHitSection":true,"bpm":196},{"sectionNotes":[],"lengthInSteps":16,"typeOfSection":0,"altAnim":false,"changeBPM":false,"mustHitSection":true,"bpm":196},{"sectionNotes":[],"lengthInSteps":16,"typeOfSection":0,"altAnim":false,"changeBPM":false,"mustHitSection":false,"bpm":196},{"sectionNotes":[],"lengthInSteps":16,"typeOfSection":0,"altAnim":false,"changeBPM":false,"mustHitSection":false,"bpm":196},{"sectionNotes":[],"lengthInSteps":16,"typeOfSection":0,"altAnim":false,"changeBPM":false,"mustHitSection":false,"bpm":196},{"sectionNotes":[],"lengthInSteps":16,"typeOfSection":0,"altAnim":false,"changeBPM":false,"mustHitSection":false,"bpm":196},{"sectionNotes":[],"lengthInSteps":16,"typeOfSection":0,"altAnim":false,"changeBPM":false,"mustHitSection":true,"bpm":196},{"sectionNotes":[],"lengthInSteps":16,"typeOfSection":0,"altAnim":false,"changeBPM":false,"mustHitSection":true,"bpm":196},{"sectionNotes":[],"lengthInSteps":16,"typeOfSection":0,"altAnim":false,"changeBPM":false,"mustHitSection":true,"bpm":196},{"sectionNotes":[],"lengthInSteps":16,"typeOfSection":0,"altAnim":false,"changeBPM":false,"mustHitSection":true,"bpm":196},{"sectionNotes":[],"lengthInSteps":16,"typeOfSection":0,"altAnim":false,"changeBPM":false,"mustHitSection":false,"bpm":196},{"sectionNotes":[],"lengthInSteps":16,"typeOfSection":0,"altAnim":false,"changeBPM":false,"mustHitSection":false,"bpm":196},{"sectionNotes":[],"lengthInSteps":16,"typeOfSection":0,"altAnim":false,"changeBPM":false,"mustHitSection":false,"bpm":196},{"sectionNotes":[],"lengthInSteps":16,"typeOfSection":0,"altAnim":false,"changeBPM":false,"mustHitSection":false,"bpm":196},{"sectionNotes":[],"lengthInSteps":16,"typeOfSection":0,"altAnim":false,"changeBPM":false,"mustHitSection":true,"bpm":196},{"sectionNotes":[],"lengthInSteps":16,"typeOfSection":0,"altAnim":false,"changeBPM":false,"mustHitSection":true,"bpm":196},{"sectionNotes":[],"lengthInSteps":16,"typeOfSection":0,"altAnim":false,"changeBPM":false,"mustHitSection":true,"bpm":196},{"sectionNotes":[],"lengthInSteps":16,"typeOfSection":0,"altAnim":false,"changeBPM":false,"mustHitSection":true,"bpm":196},{"sectionNotes":[],"lengthInSteps":16,"typeOfSection":0,"altAnim":false,"changeBPM":false,"mustHitSection":false,"bpm":196},{"sectionNotes":[],"lengthInSteps":16,"typeOfSection":0,"altAnim":false,"changeBPM":false,"mustHitSection":false,"bpm":196},{"sectionNotes":[],"lengthInSteps":16,"typeOfSection":0,"altAnim":false,"changeBPM":false,"mustHitSection":true,"bpm":196},{"sectionNotes":[],"lengthInSteps":16,"typeOfSection":0,"altAnim":false,"changeBPM":false,"mustHitSection":true,"bpm":196},{"sectionNotes":[],"lengthInSteps":16,"typeOfSection":0,"altAnim":false,"changeBPM":false,"mustHitSection":true,"bpm":196},{"sectionNotes":[],"lengthInSteps":16,"typeOfSection":0,"altAnim":false,"changeBPM":false,"mustHitSection":true,"bpm":196},{"sectionNotes":[],"lengthInSteps":16,"typeOfSection":0,"altAnim":false,"changeBPM":false,"mustHitSection":false,"bpm":196},{"sectionNotes":[],"lengthInSteps":16,"typeOfSection":0,"altAnim":false,"changeBPM":false,"mustHitSection":false,"bpm":196},{"sectionNotes":[],"lengthInSteps":16,"typeOfSection":0,"altAnim":false,"changeBPM":false,"mustHitSection":false,"bpm":196},{"sectionNotes":[],"lengthInSteps":16,"typeOfSection":0,"altAnim":false,"changeBPM":false,"mustHitSection":false,"bpm":196},{"sectionNotes":[],"lengthInSteps":16,"typeOfSection":0,"altAnim":false,"changeBPM":false,"mustHitSection":false,"bpm":196},{"sectionNotes":[],"lengthInSteps":16,"typeOfSection":0,"altAnim":false,"changeBPM":false,"mustHitSection":false,"bpm":196},{"sectionNotes":[],"lengthInSteps":16,"typeOfSection":0,"altAnim":false,"changeBPM":false,"mustHitSection":true,"bpm":196},{"sectionNotes":[],"lengthInSteps":16,"typeOfSection":0,"altAnim":false,"changeBPM":false,"mustHitSection":true,"bpm":196},{"sectionNotes":[],"lengthInSteps":16,"typeOfSection":0,"altAnim":false,"changeBPM":false,"mustHitSection":true,"bpm":196},{"sectionNotes":[],"lengthInSteps":16,"typeOfSection":0,"altAnim":false,"changeBPM":false,"mustHitSection":true,"bpm":196},{"sectionNotes":[],"lengthInSteps":16,"typeOfSection":0,"altAnim":false,"changeBPM":false,"mustHitSection":false,"bpm":196},{"sectionNotes":[],"lengthInSteps":16,"typeOfSection":0,"altAnim":false,"changeBPM":false,"mustHitSection":false,"bpm":196},{"sectionNotes":[],"lengthInSteps":16,"typeOfSection":0,"altAnim":false,"changeBPM":false,"mustHitSection":false,"bpm":196},{"sectionNotes":[],"lengthInSteps":16,"typeOfSection":0,"altAnim":false,"changeBPM":false,"mustHitSection":false,"bpm":196},{"sectionNotes":[],"lengthInSteps":16,"typeOfSection":0,"altAnim":false,"changeBPM":false,"mustHitSection":true,"bpm":196},{"sectionNotes":[],"lengthInSteps":16,"typeOfSection":0,"altAnim":false,"changeBPM":false,"mustHitSection":true,"bpm":196},{"sectionNotes":[],"lengthInSteps":16,"typeOfSection":0,"altAnim":false,"changeBPM":false,"mustHitSection":false,"bpm":196},{"sectionNotes":[],"lengthInSteps":16,"typeOfSection":0,"altAnim":false,"changeBPM":false,"mustHitSection":false,"bpm":196},{"sectionNotes":[],"lengthInSteps":16,"typeOfSection":0,"altAnim":false,"changeBPM":false,"mustHitSection":true,"bpm":196},{"sectionNotes":[],"lengthInSteps":16,"typeOfSection":0,"altAnim":false,"changeBPM":false,"mustHitSection":true,"bpm":196},{"sectionNotes":[],"lengthInSteps":16,"typeOfSection":0,"altAnim":false,"changeBPM":false,"mustHitSection":true,"bpm":196},{"sectionNotes":[],"lengthInSteps":16,"typeOfSection":0,"altAnim":false,"changeBPM":false,"mustHitSection":true,"bpm":196},{"sectionNotes":[],"lengthInSteps":16,"typeOfSection":0,"altAnim":false,"changeBPM":false,"mustHitSection":true,"bpm":196},{"sectionNotes":[],"lengthInSteps":16,"typeOfSection":0,"altAnim":false,"changeBPM":false,"mustHitSection":true,"bpm":196},{"sectionNotes":[],"lengthInSteps":16,"typeOfSection":0,"altAnim":false,"changeBPM":false,"mustHitSection":true,"bpm":196},{"sectionNotes":[],"lengthInSteps":16,"typeOfSection":0,"altAnim":false,"changeBPM":false,"mustHitSection":true,"bpm":196},{"sectionNotes":[],"lengthInSteps":16,"typeOfSection":0,"altAnim":false,"changeBPM":false,"mustHitSection":false,"bpm":196},{"sectionNotes":[],"lengthInSteps":16,"typeOfSection":0,"altAnim":false,"changeBPM":false,"mustHitSection":false,"bpm":196},{"sectionNotes":[],"lengthInSteps":16,"typeOfSection":0,"altAnim":false,"changeBPM":false,"mustHitSection":true,"bpm":196},{"sectionNotes":[],"lengthInSteps":16,"typeOfSection":0,"altAnim":false,"changeBPM":false,"mustHitSection":true,"bpm":196},{"sectionNotes":[],"lengthInSteps":16,"typeOfSection":0,"altAnim":false,"changeBPM":false,"mustHitSection":false,"bpm":196},{"sectionNotes":[],"lengthInSteps":16,"typeOfSection":0,"altAnim":false,"changeBPM":false,"mustHitSection":false,"bpm":196},{"sectionNotes":[],"lengthInSteps":16,"typeOfSection":0,"altAnim":false,"changeBPM":false,"mustHitSection":true,"bpm":196},{"sectionNotes":[],"lengthInSteps":16,"typeOfSection":0,"altAnim":false,"changeBPM":false,"mustHitSection":true,"bpm":196},{"sectionNotes":[],"lengthInSteps":16,"typeOfSection":0,"altAnim":false,"changeBPM":false,"mustHitSection":false,"bpm":196},{"sectionNotes":[],"lengthInSteps":16,"typeOfSection":0,"altAnim":false,"changeBPM":false,"mustHitSection":false,"bpm":196},{"sectionNotes":[],"lengthInSteps":16,"typeOfSection":0,"altAnim":false,"changeBPM":false,"mustHitSection":false,"bpm":196},{"sectionNotes":[],"lengthInSteps":16,"typeOfSection":0,"altAnim":false,"changeBPM":false,"mustHitSection":false,"bpm":196},{"sectionNotes":[],"lengthInSteps":16,"typeOfSection":0,"altAnim":false,"changeBPM":false,"mustHitSection":true,"bpm":196},{"sectionNotes":[],"lengthInSteps":16,"typeOfSection":0,"altAnim":false,"changeBPM":false,"mustHitSection":true,"bpm":196},{"sectionNotes":[],"lengthInSteps":16,"typeOfSection":0,"altAnim":false,"changeBPM":false,"mustHitSection":true,"bpm":196},{"sectionNotes":[],"lengthInSteps":16,"typeOfSection":0,"altAnim":false,"changeBPM":false,"mustHitSection":true,"bpm":196},{"sectionNotes":[],"lengthInSteps":16,"typeOfSection":0,"altAnim":false,"changeBPM":false,"mustHitSection":false,"bpm":196},{"sectionNotes":[],"lengthInSteps":16,"typeOfSection":0,"altAnim":false,"changeBPM":false,"mustHitSection":false,"bpm":196},{"sectionNotes":[],"lengthInSteps":16,"typeOfSection":0,"altAnim":false,"changeBPM":false,"mustHitSection":false,"bpm":196},{"sectionNotes":[],"lengthInSteps":16,"typeOfSection":0,"altAnim":false,"changeBPM":false,"mustHitSection":false,"bpm":196},{"sectionNotes":[],"lengthInSteps":16,"typeOfSection":0,"altAnim":false,"changeBPM":false,"mustHitSection":true,"bpm":196},{"sectionNotes":[],"lengthInSteps":16,"typeOfSection":0,"altAnim":false,"changeBPM":false,"mustHitSection":true,"bpm":196},{"sectionNotes":[],"lengthInSteps":16,"typeOfSection":0,"altAnim":false,"changeBPM":false,"mustHitSection":true,"bpm":196},{"sectionNotes":[],"lengthInSteps":16,"typeOfSection":0,"altAnim":false,"changeBPM":false,"mustHitSection":true,"bpm":196},{"sectionNotes":[],"lengthInSteps":16,"typeOfSection":0,"altAnim":false,"changeBPM":false,"mustHitSection":false,"bpm":196},{"sectionNotes":[],"lengthInSteps":16,"typeOfSection":0,"altAnim":false,"changeBPM":false,"mustHitSection":false,"bpm":196},{"sectionNotes":[],"lengthInSteps":16,"typeOfSection":0,"altAnim":false,"changeBPM":false,"mustHitSection":false,"bpm":196},{"sectionNotes":[],"lengthInSteps":16,"typeOfSection":0,"altAnim":false,"changeBPM":false,"mustHitSection":false,"bpm":196},{"sectionNotes":[],"lengthInSteps":16,"typeOfSection":0,"altAnim":false,"changeBPM":false,"mustHitSection":true,"bpm":196},{"sectionNotes":[],"lengthInSteps":16,"typeOfSection":0,"altAnim":false,"changeBPM":false,"mustHitSection":true,"bpm":196},{"sectionNotes":[],"lengthInSteps":16,"typeOfSection":0,"altAnim":false,"changeBPM":false,"mustHitSection":true,"bpm":196},{"sectionNotes":[],"lengthInSteps":16,"typeOfSection":0,"altAnim":false,"changeBPM":false,"mustHitSection":true,"bpm":196},{"sectionNotes":[],"lengthInSteps":16,"typeOfSection":0,"altAnim":false,"changeBPM":false,"mustHitSection":true,"bpm":196},{"sectionNotes":[],"lengthInSteps":16,"typeOfSection":0,"altAnim":false,"changeBPM":false,"mustHitSection":true,"bpm":196},{"sectionNotes":[],"lengthInSteps":16,"typeOfSection":0,"altAnim":false,"changeBPM":false,"mustHitSection":true,"bpm":196},{"sectionNotes":[],"lengthInSteps":16,"typeOfSection":0,"altAnim":false,"changeBPM":false,"mustHitSection":true,"bpm":196},{"sectionNotes":[],"lengthInSteps":16,"typeOfSection":0,"altAnim":false,"changeBPM":false,"mustHitSection":true,"bpm":196},{"sectionNotes":[[7346.9387755102,2,0],[7653.0612244898,2,0],[7959.18367346939,2,0],[8035.71428571429,0,0],[8112.24489795918,1,0],[8188.77551020408,3,0],[8418.36734693878,2,0],[8724.48979591837,2,0],[9030.61224489796,2,0],[9183.67346938776,0,0],[9336.73469387755,3,0],[9489.79591836735,3,0],[9642.85714285714,1,0],[9795.91836734694,2,0],[10102.0408163265,2,0],[10408.1632653061,2,0],[10484.693877551,0,0],[10561.2244897959,1,0],[10637.7551020408,3,0],[10867.3469387755,2,0],[11173.4693877551,2,0],[11479.5918367347,2,0],[11632.6530612245,0,0],[11785.7142857143,3,0],[11938.7755102041,1,0],[12015.306122449,0,0],[12091.8367346939,3,0],[17142.8571428571,3,689],[18061.2244897959,0,0],[18214.2857142857,0,0],[18290.8163265306,2,230],[18520.4081632653,1,0],[18826.5306122449,2,0],[18903.0612244898,3,0],[19132.6530612245,1,0],[19438.7755102041,0,230],[19744.8979591837,3,0],[19821.4285714286,3,0],[19897.9591836735,1,0],[19974.4897959184,1,0],[20051.0204081633,1,0],[20204.0816326531,2,0],[20357.1428571429,2,0],[20510.2040816327,3,0],[20663.2653061224,0,0],[20816.3265306122,1,0],[20892.8571428571,3,0],[20969.387755102,0,0],[21045.9183673469,2,0],[21122.4489795918,3,0],[21198.9795918367,3,0],[21275.5102040816,1,0],[21428.5714285714,3,0],[21581.6326530612,2,0],[21658.1632653061,2,0],[21734.693877551,1,0],[21887.7551020408,0,0],[26938.7755102041,3,0],[27015.306122449,1,0],[27091.8367346939,2,0],[27168.3673469388,0,0],[27321.4285714286,0,0],[27397.9591836735,3,0],[27551.0204081633,2,0],[27704.0816326531,0,0],[27780.612244898,2,0],[27857.1428571429,1,0],[27933.6734693878,3,0],[28010.2040816327,2,0],[28316.3265306122,0,0],[28392.8571428571,0,0],[28469.387755102,3,0],[28622.4489795918,1,0],[28775.5102040816,2,0],[28928.5714285714,0,0],[29005.1020408163,1,0],[29081.6326530612,0,0],[29158.1632653061,2,0],[29234.693877551,3,0],[29464.2857142857,3,0],[29540.8163265306,0,0],[29617.3469387755,2,0],[29693.8775510204,1,0],[29846.9387755102,0,0],[29923.4693877551,0,0],[30000,2,0],[30229.5918367347,2,0],[30306.1224489796,2,0],[30382.6530612245,2,0],[30459.1836734694,3,0],[30612.2448979592,0,0],[30765.306122449,1,0],[30841.8367346939,1,0],[30918.3673469388,3,0],[31071.4285714286,2,0],[31224.4897959184,0,0],[31377.5510204082,3,0],[31454.0816326531,3,0],[31530.612244898,1,0],[31607.1428571429,0,0],[31683.6734693878,2,0],[31836.7346938776,3,0],[31989.7959183673,0,0],[36734.693877551,3,612],[37500,0,0],[37653.0612244898,1,0],[37729.5918367347,3,0],[37959.1836734694,2,0],[38112.2448979592,2,0],[38265.306122449,3,0],[38571.4285714286,3,0],[38647.9591836735,1,0],[38724.4897959184,3,0],[38877.5510204082,2,0],[38954.0816326531,3,0],[39030.612244898,0,0],[39183.6734693878,2,0],[39336.7346938776,3,0],[39489.7959183673,1,0],[39642.8571428571,2,0],[39719.387755102,2,0],[39795.9183673469,0,0],[39948.9795918367,3,0],[40102.0408163265,0,0],[40255.1020408163,3,0],[40331.6326530612,3,0],[40408.1632653061,2,0],[40561.2244897959,0,0],[40637.7551020408,1,0],[40714.2857142857,2,0],[40867.3469387755,0,0],[40943.8775510204,1,0],[41020.4081632653,2,0],[41173.4693877551,2,0],[41250,2,0],[41326.5306122449,3,0],[41479.5918367347,0,0],[46530.612244898,3,459],[46989.7959183673,0,230],[47448.9795918367,0,0],[47602.0408163265,0,0],[47678.5714285714,2,230],[47908.1632653061,1,0],[48214.2857142857,2,0],[48290.8163265306,3,0],[48520.4081632653,1,0],[48826.5306122449,0,230],[49132.6530612245,3,0],[49209.1836734694,3,0],[49285.7142857143,1,0],[49362.2448979592,1,0],[49438.7755102041,1,0],[49591.8367346939,2,0],[49744.8979591837,2,0],[49897.9591836735,3,0],[50051.0204081633,0,0],[50204.0816326531,1,0],[50280.612244898,3,0],[50357.1428571429,0,0],[50433.6734693878,2,0],[50510.2040816327,3,0],[50586.7346938776,3,0],[50663.2653061224,1,0],[50816.3265306122,3,0],[50969.387755102,2,0],[51045.9183673469,2,0],[51122.4489795918,1,0],[51275.5102040816,0,0],[51428.5714285714,2,0],[51734.693877551,2,0],[52193.8775510204,0,0],[52346.9387755102,3,0],[52500,2,0],[53877.5510204082,1,0],[54183.6734693878,1,0],[54642.8571428571,0,0],[54795.9183673469,1,0],[54948.9795918367,2,0],[55714.2857142857,1,0],[55867.3469387755,0,0],[56020.4081632653,3,0],[56173.4693877551,0,0],[56326.5306122449,2,0],[56632.6530612245,2,0],[56938.7755102041,2,0],[57015.306122449,0,0],[57091.8367346939,1,0],[57168.3673469388,3,0],[57397.9591836735,2,0],[57704.0816326531,2,0],[58010.2040816327,2,0],[58163.2653061224,0,0],[58316.3265306122,3,0],[58469.387755102,3,0],[58622.4489795918,1,0],[58775.5102040816,2,0],[59081.6326530612,2,0],[59387.7551020408,2,0],[59464.2857142857,0,0],[59540.8163265306,1,0],[59617.3469387755,3,0],[59846.9387755102,2,0],[60153.0612244898,2,0],[60459.1836734694,2,0],[60612.2448979592,0,0],[60765.306122449,3,0],[60918.3673469388,1,0],[60994.8979591837,0,0],[61071.4285714286,3,0],[61224.4897959184,2,0],[66122.4489795918,1,0],[66275.5102040816,0,0],[66428.5714285714,3,0],[66581.6326530612,1,0],[66734.693877551,0,0],[66887.7551020408,3,0],[67040.8163265306,1,0],[67117.3469387755,0,0],[67193.8775510204,3,0],[67346.9387755102,1,0],[67500,0,0],[67653.0612244898,3,0],[67806.1224489796,1,0],[67959.1836734694,0,0],[68112.2448979592,3,0],[68265.306122449,1,0],[68341.8367346939,0,0],[68418.3673469388,3,0],[68571.4285714286,2,0],[68647.9591836735,3,0],[68724.4897959184,1,0],[68801.0204081633,0,0],[68877.5510204082,2,0],[68954.0816326531,3,0],[69030.612244898,1,0],[69107.1428571429,0,0],[69183.6734693878,2,0],[69260.2040816326,3,0],[69336.7346938776,1,0],[69413.2653061225,0,0],[69489.7959183674,1,0],[69566.3265306122,2,0],[69642.8571428571,0,0],[69719.387755102,0,0],[69795.9183673469,2,0],[69872.4489795918,3,0],[69948.9795918367,1,0],[70025.5102040816,0,0],[70102.0408163265,2,0],[70178.5714285714,3,0],[70255.1020408163,1,0],[70331.6326530612,0,0],[70408.1632653061,2,0],[70484.693877551,3,0],[70561.2244897959,1,0],[70637.7551020408,0,0],[70714.2857142857,2,0],[70790.8163265306,3,0],[70867.3469387755,1,0],[70943.8775510204,0,0],[75918.3673469388,0,0],[75994.8979591837,1,0],[76071.4285714286,3,0],[76147.9591836735,1,0],[76301.0204081633,1,0],[76377.5510204082,3,0],[76530.612244898,2,0],[76683.6734693878,1,0],[76760.2040816326,3,0],[76836.7346938776,1,0],[76913.2653061225,3,0],[76989.7959183674,0,0],[77295.9183673469,1,0],[77372.4489795918,0,0],[77448.9795918367,3,0],[77602.0408163265,1,0],[77755.1020408163,2,0],[77908.1632653061,0,0],[77984.693877551,3,0],[78061.2244897959,0,0],[78137.7551020408,3,0],[78214.2857142857,1,0],[78443.8775510204,0,0],[78520.4081632653,1,0],[78596.9387755102,3,0],[78673.4693877551,1,0],[78826.5306122449,1,0],[78903.0612244898,1,0],[78979.5918367347,2,0],[79209.1836734694,2,0],[79285.7142857143,2,0],[79362.2448979592,2,0],[79438.7755102041,3,0],[79591.8367346939,0,0],[79744.8979591837,1,0],[79821.4285714286,1,0],[79897.9591836735,2,0],[80051.0204081633,0,0],[80204.0816326531,1,0],[80357.1428571429,1,0],[80433.6734693878,3,0],[80510.2040816326,0,0],[80586.7346938776,3,0],[80663.2653061225,2,0],[80816.3265306122,0,612],[81734.693877551,2,0],[81887.7551020408,3,0],[82040.8163265306,2,0],[82653.0612244898,0,0],[83112.2448979592,3,0],[83418.3673469388,3,0],[83571.4285714286,1,0],[83724.4897959184,3,0],[83877.5510204082,1,0],[84183.6734693878,3,0],[84336.7346938776,2,0],[84489.7959183674,0,0],[84642.8571428571,2,0],[84795.9183673469,3,0],[84948.9795918367,0,0],[85102.0408163265,3,306],[85408.1632653061,1,306],[85714.2857142857,2,612],[86632.6530612245,3,0],[86785.7142857143,3,0],[86938.7755102041,1,0],[87244.8979591837,2,0],[87551.0204081633,2,0],[87857.1428571429,3,0],[88010.2040816326,2,0],[88163.2653061225,1,0],[88316.3265306122,2,0],[88469.387755102,2,0],[88622.4489795918,3,0],[88775.5102040816,2,0],[88928.5714285714,0,0],[89081.6326530612,2,0],[89234.693877551,0,0],[89387.7551020408,1,0],[89540.8163265306,2,0],[89693.8775510204,3,0],[89846.9387755102,2,0],[90000,2,0],[90153.0612244898,0,0],[90306.1224489796,1,0],[90459.1836734694,0,0],[90612.2448979592,1,612],[91530.612244898,0,0],[91683.6734693878,1,0],[91836.7346938776,3,0],[92142.8571428571,0,0],[92448.9795918367,2,0],[92755.1020408163,3,0],[92831.6326530612,1,0],[92908.1632653061,2,0],[93061.2244897959,1,0],[93214.2857142857,3,0],[93367.3469387755,2,0],[93520.4081632653,3,0],[93673.4693877551,2,0],[93826.5306122449,0,0],[93979.5918367347,2,0],[94132.6530612245,0,0],[94285.7142857143,1,0],[94438.7755102041,3,0],[94515.306122449,3,0],[94591.8367346939,2,0],[94744.8979591837,0,0],[94897.9591836735,2,306],[95204.0816326531,1,306],[95510.2040816326,2,612],[96428.5714285714,2,0],[96581.6326530612,3,0],[96734.693877551,0,0],[97040.8163265306,3,0],[97346.9387755102,1,0],[97653.0612244898,3,0],[97729.5918367347,2,0],[97806.1224489796,0,0],[97959.1836734694,2,0],[98112.2448979592,0,0],[98188.7755102041,0,0],[98265.306122449,1,0],[98418.3673469388,3,0],[98571.4285714286,1,0],[98724.4897959184,2,0],[98877.5510204082,1,0],[99030.612244898,2,0],[99183.6734693878,3,0],[99336.7346938776,2,0],[99413.2653061225,2,0],[99489.7959183674,3,0],[99642.8571428571,0,0],[99795.9183673469,2,0],[99948.9795918367,2,0],[100102.040816327,0,0],[100255.102040816,0,0],[100331.632653061,0,0],[100408.163265306,3,0],[105306.12244898,0,0],[105459.183673469,2,0],[105612.244897959,0,0],[105918.367346939,0,0],[106071.428571429,1,0],[106147.959183673,2,0],[106224.489795918,3,0],[106377.551020408,1,230],[106683.673469388,0,0],[106760.204081633,0,0],[106989.795918367,0,0],[107295.918367347,2,0],[107372.448979592,3,0],[107448.979591837,1,0],[107525.510204082,2,0],[107602.040816327,0,0],[107755.102040816,0,0],[107908.163265306,3,0],[107984.693877551,3,0],[108061.224489796,0,0],[108214.285714286,1,0],[108290.816326531,1,0],[108367.346938776,0,0],[108520.408163265,1,0],[108596.93877551,2,0],[108673.469387755,3,0],[108826.530612245,2,0],[108979.591836735,0,0],[109056.12244898,2,0],[109285.714285714,1,0],[109438.775510204,3,0],[109515.306122449,3,0],[109591.836734694,1,0],[109744.897959184,3,0],[109821.428571429,0,0],[109897.959183673,3,0],[109974.489795918,3,0],[110051.020408163,1,0],[115102.040816327,3,689],[116020.408163265,0,0],[116173.469387755,0,0],[116250,2,230],[116479.591836735,1,0],[116785.714285714,2,0],[116862.244897959,3,0],[117091.836734694,1,0],[117397.959183673,0,230],[117704.081632653,3,0],[117780.612244898,3,0],[117857.142857143,1,0],[117933.673469388,1,0],[118010.204081633,1,0],[118163.265306122,2,0],[118316.326530612,2,0],[118469.387755102,3,0],[118622.448979592,0,0],[118775.510204082,1,0],[118852.040816327,3,0],[118928.571428571,0,0],[119005.102040816,2,0],[119081.632653061,3,0],[119158.163265306,3,0],[119234.693877551,1,0],[119387.755102041,3,0],[119540.816326531,2,0],[119617.346938776,2,0],[119693.87755102,1,0],[119846.93877551,0,0],[124897.959183673,3,0],[124974.489795918,1,0],[125051.020408163,2,0],[125127.551020408,0,0],[125280.612244898,0,0],[125357.142857143,3,0],[125510.204081633,2,0],[125663.265306122,0,0],[125739.795918367,2,0],[125816.326530612,1,0],[125892.857142857,3,0],[125969.387755102,2,0],[126275.510204082,0,0],[126352.040816327,0,0],[126428.571428571,3,0],[126581.632653061,1,0],[126734.693877551,2,0],[126887.755102041,0,0],[126964.285714286,1,0],[127040.816326531,0,0],[127117.346938776,2,0],[127193.87755102,3,0],[127423.469387755,3,0],[127500,0,0],[127576.530612245,2,0],[127653.06122449,1,0],[127806.12244898,0,0],[127882.653061224,0,0],[127959.183673469,2,0],[128188.775510204,2,0],[128265.306122449,2,0],[128341.836734694,2,0],[128418.367346939,3,0],[128571.428571429,0,0],[128724.489795918,1,0],[128801.020408163,1,0],[128877.551020408,3,0],[129030.612244898,2,0],[129183.673469388,0,0],[129336.734693878,3,0],[129413.265306122,3,0],[129489.795918367,1,0],[129566.326530612,0,0],[129642.857142857,1,0],[129795.918367347,2,765]],"lengthInSteps":16,"typeOfSection":0,"mustHitSection":true},{"sectionNotes":[[2448.97959183673,2,0],[2755.10204081633,2,0],[3061.22448979592,2,0],[3137.75510204082,0,0],[3214.28571428571,1,0],[3290.81632653061,3,0],[3520.40816326531,2,0],[3826.5306122449,2,0],[4132.65306122449,2,0],[4285.71428571429,1,0],[4438.77551020408,0,0],[4591.83673469388,3,0],[4744.89795918367,0,0],[4897.95918367347,2,0],[5204.08163265306,2,0],[5510.20408163265,2,0],[5586.73469387755,0,0],[5663.26530612245,1,0],[5739.79591836735,3,0],[5969.38775510204,2,0],[6275.51020408163,2,0],[6581.63265306123,2,0],[6734.69387755102,1,0],[6887.75510204082,0,0],[7040.81632653061,3,0],[7117.34693877551,1,0],[7193.87755102041,0,0],[12244.8979591837,3,689],[13163.2653061225,0,0],[13316.3265306122,0,0],[13392.8571428571,2,230],[13622.4489795918,1,0],[13928.5714285714,2,0],[14005.1020408163,3,0],[14234.693877551,1,0],[14540.8163265306,0,230],[14846.9387755102,3,0],[14923.4693877551,3,0],[15000,1,0],[15076.5306122449,1,0],[15153.0612244898,1,0],[15306.1224489796,2,0],[15459.1836734694,2,0],[15612.2448979592,3,0],[15765.306122449,0,0],[15918.3673469388,1,0],[15994.8979591837,3,0],[16071.4285714286,0,0],[16147.9591836735,2,0],[16224.4897959184,3,0],[16301.0204081633,3,0],[16377.5510204082,1,0],[16530.612244898,3,0],[16683.6734693878,2,0],[16760.2040816327,2,0],[16836.7346938776,1,0],[16989.7959183673,0,0],[17142.8571428571,0,689],[18061.2244897959,0,0],[18214.2857142857,1,689],[19285.7142857143,1,0],[19591.8367346939,2,689],[20663.2653061224,3,1301],[22040.8163265306,3,0],[22117.3469387755,1,0],[22193.8775510204,2,0],[22270.4081632653,0,0],[22423.4693877551,0,0],[22500,3,0],[22653.0612244898,2,0],[22806.1224489796,0,0],[22882.6530612245,2,0],[22959.1836734694,1,0],[23035.7142857143,3,0],[23112.2448979592,2,0],[23418.3673469388,0,0],[23494.8979591837,0,0],[23571.4285714286,3,0],[23724.4897959184,1,0],[23877.5510204082,2,0],[24030.612244898,0,0],[24107.1428571429,1,0],[24183.6734693878,0,0],[24260.2040816327,2,0],[24336.7346938776,3,0],[24566.3265306122,3,0],[24642.8571428571,0,0],[24719.387755102,2,0],[24795.9183673469,1,0],[24948.9795918367,0,0],[25025.5102040816,0,0],[25102.0408163265,2,0],[25331.6326530612,2,0],[25408.1632653061,2,0],[25484.693877551,2,0],[25561.2244897959,3,0],[25714.2857142857,0,0],[25867.3469387755,1,0],[25943.8775510204,1,0],[26020.4081632653,3,0],[26173.4693877551,2,0],[26326.5306122449,0,0],[26479.5918367347,3,0],[26556.1224489796,3,0],[26632.6530612245,1,0],[26709.1836734694,0,0],[26785.7142857143,2,0],[26938.7755102041,3,0],[27091.8367346939,0,0],[31836.7346938776,3,612],[32602.0408163265,0,0],[32755.1020408163,1,0],[32831.6326530612,3,0],[33061.2244897959,2,0],[33214.2857142857,2,0],[33367.3469387755,3,0],[33673.4693877551,3,0],[33750,1,0],[33826.5306122449,3,0],[33979.5918367347,2,0],[34056.1224489796,3,0],[34132.6530612245,0,0],[34285.7142857143,2,0],[34438.7755102041,3,0],[34591.8367346939,1,0],[34744.8979591837,2,0],[34821.4285714286,2,0],[34897.9591836735,0,0],[35051.0204081633,3,0],[35204.0816326531,0,0],[35357.1428571429,3,0],[35433.6734693878,3,0],[35510.2040816327,2,0],[35663.2653061224,0,0],[35739.7959183673,1,0],[35816.3265306122,2,0],[35969.387755102,0,0],[36045.9183673469,1,0],[36122.4489795918,2,0],[36275.5102040816,2,0],[36352.0408163265,2,0],[36428.5714285714,3,0],[36581.6326530612,0,0],[41632.6530612245,3,459],[42091.8367346939,0,230],[42551.0204081633,0,0],[42704.0816326531,0,0],[42780.612244898,2,230],[43010.2040816327,1,0],[43316.3265306122,2,0],[43392.8571428571,3,0],[43622.4489795918,1,0],[43928.5714285714,0,230],[44234.693877551,3,0],[44311.2244897959,3,0],[44387.7551020408,1,0],[44464.2857142857,1,0],[44540.8163265306,1,0],[44693.8775510204,2,0],[44846.9387755102,2,0],[45000,3,0],[45153.0612244898,0,0],[45306.1224489796,1,0],[45382.6530612245,3,0],[45459.1836734694,0,0],[45535.7142857143,2,0],[45612.2448979592,3,0],[45688.7755102041,3,0],[45765.306122449,1,0],[45918.3673469388,3,0],[46071.4285714286,2,0],[46147.9591836735,2,0],[46224.4897959184,1,0],[46377.5510204082,0,0],[46530.612244898,0,689],[47448.9795918367,0,0],[47602.0408163265,1,689],[48673.4693877551,1,0],[48979.5918367347,2,689],[50051.0204081633,3,1301],[51428.5714285714,2,0],[51734.693877551,2,0],[52040.8163265306,2,0],[52117.3469387755,0,0],[52193.8775510204,1,0],[52270.4081632653,3,0],[52500,2,0],[52806.1224489796,2,0],[53112.2448979592,2,0],[53265.306122449,1,0],[53418.3673469388,0,0],[53571.4285714286,3,0],[53724.4897959184,0,0],[53877.5510204082,2,0],[54183.6734693878,2,0],[54489.7959183673,2,0],[54566.3265306122,0,0],[54642.8571428571,1,0],[54719.387755102,3,0],[54948.9795918367,2,0],[55255.1020408163,2,0],[55561.2244897959,2,0],[55714.2857142857,1,0],[55867.3469387755,0,0],[56020.4081632653,3,0],[56096.9387755102,1,0],[56173.4693877551,0,0],[56326.5306122449,2,0],[56632.6530612245,2,0],[57091.8367346939,0,0],[57244.8979591837,3,0],[57397.9591836735,2,0],[58775.5102040816,1,0],[59081.6326530612,1,0],[59540.8163265306,0,0],[59693.8775510204,1,0],[59846.9387755102,2,0],[60612.2448979592,1,0],[60765.306122449,0,0],[60918.3673469388,3,0],[61071.4285714286,0,0],[61224.4897959184,1,0],[61377.5510204082,0,0],[61530.612244898,3,0],[61683.6734693878,1,0],[61836.7346938776,0,0],[61989.7959183673,3,0],[62142.8571428571,1,0],[62219.387755102,0,0],[62295.9183673469,3,0],[62448.9795918367,1,0],[62602.0408163265,0,0],[62755.1020408163,3,0],[62908.1632653061,1,0],[63061.2244897959,0,0],[63214.2857142857,3,0],[63367.3469387755,1,0],[63443.8775510204,0,0],[63520.4081632653,3,0],[63673.4693877551,2,0],[63750,3,0],[63826.5306122449,1,0],[63903.0612244898,0,0],[63979.5918367347,2,0],[64056.1224489796,3,0],[64132.6530612245,1,0],[64209.1836734694,0,0],[64285.7142857143,2,0],[64362.2448979592,3,0],[64438.7755102041,1,0],[64515.306122449,0,0],[64591.8367346939,1,0],[64668.3673469388,2,0],[64744.8979591837,0,0],[64821.4285714286,0,0],[64897.9591836735,2,0],[64974.4897959184,3,0],[65051.0204081633,1,0],[65127.5510204082,0,0],[65204.0816326531,2,0],[65280.612244898,3,0],[65357.1428571429,1,0],[65433.6734693878,0,0],[65510.2040816327,2,0],[65586.7346938776,3,0],[65663.2653061225,1,0],[65739.7959183674,0,0],[65816.3265306122,2,0],[65892.8571428571,3,0],[65969.387755102,1,0],[66045.9183673469,0,0],[71020.4081632653,0,0],[71096.9387755102,1,0],[71173.4693877551,3,0],[71250,1,0],[71403.0612244898,1,0],[71479.5918367347,3,0],[71632.6530612245,2,0],[71785.7142857143,1,0],[71862.2448979592,3,0],[71938.7755102041,1,0],[72015.306122449,3,0],[72091.8367346939,0,0],[72397.9591836735,1,0],[72474.4897959184,0,0],[72551.0204081633,3,0],[72704.0816326531,1,0],[72857.1428571429,2,0],[73010.2040816326,0,0],[73086.7346938776,3,0],[73163.2653061225,0,0],[73239.7959183674,3,0],[73316.3265306122,1,0],[73545.9183673469,0,0],[73622.4489795918,1,0],[73698.9795918367,3,0],[73775.5102040816,1,0],[73928.5714285714,1,0],[74005.1020408163,1,0],[74081.6326530612,2,0],[74311.2244897959,2,0],[74387.7551020408,2,0],[74464.2857142857,2,0],[74540.8163265306,3,0],[74693.8775510204,0,0],[74846.9387755102,1,0],[74923.4693877551,1,0],[75000,2,0],[75153.0612244898,0,0],[75306.1224489796,1,0],[75459.1836734694,1,0],[75535.7142857143,3,0],[75612.2448979592,0,0],[75688.7755102041,3,0],[75765.306122449,2,0],[75918.3673469388,0,1224],[77142.8571428571,3,1224],[78367.3469387755,2,1224],[79591.8367346939,1,1071],[80663.2653061225,0,0],[90306.1224489796,2,0],[90459.1836734694,1,0],[90612.2448979592,2,612],[91530.612244898,2,0],[91683.6734693878,3,0],[91836.7346938776,0,0],[92142.8571428571,3,0],[92448.9795918367,1,0],[92755.1020408163,3,0],[92831.6326530612,2,0],[92908.1632653061,0,0],[93061.2244897959,2,0],[93214.2857142857,0,0],[93290.8163265306,0,0],[93367.3469387755,1,0],[93520.4081632653,3,0],[93673.4693877551,1,0],[93826.5306122449,2,0],[93979.5918367347,1,0],[94132.6530612245,2,0],[94285.7142857143,3,0],[94438.7755102041,2,0],[94515.306122449,2,0],[94591.8367346939,3,0],[94744.8979591837,0,0],[94897.9591836735,2,0],[95051.0204081633,2,0],[95204.0816326531,0,0],[95357.1428571429,0,0],[95433.6734693878,0,0],[95510.2040816326,3,306],[95816.3265306122,1,306],[96122.4489795918,0,306],[96428.5714285714,2,306],[96734.693877551,3,306],[97040.8163265306,2,306],[97346.9387755102,1,306],[97653.0612244898,0,306],[97959.1836734694,1,306],[98265.306122449,3,306],[98571.4285714286,0,306],[98877.5510204082,2,306],[99183.6734693878,3,306],[99489.7959183674,1,306],[99795.9183673469,0,306],[100102.040816327,2,306],[100408.163265306,0,0],[100561.224489796,2,0],[100714.285714286,0,0],[101020.408163265,0,0],[101173.469387755,1,0],[101250,2,0],[101326.530612245,3,0],[101479.591836735,1,230],[101785.714285714,0,0],[101862.244897959,0,0],[102091.836734694,0,0],[102397.959183673,2,0],[102474.489795918,3,0],[102551.020408163,1,0],[102627.551020408,2,0],[102704.081632653,0,0],[102857.142857143,0,0],[103010.204081633,3,0],[103086.734693878,3,0],[103163.265306122,0,0],[103316.326530612,1,0],[103392.857142857,1,0],[103469.387755102,0,0],[103622.448979592,1,0],[103698.979591837,2,0],[103775.510204082,3,0],[103928.571428571,2,0],[104081.632653061,0,0],[104158.163265306,2,0],[104387.755102041,1,0],[104540.816326531,3,0],[104617.346938776,3,0],[104693.87755102,1,0],[104846.93877551,3,0],[104923.469387755,0,0],[105000,3,0],[105076.530612245,3,0],[105153.06122449,1,0],[105306.12244898,0,0],[105459.183673469,1,0],[105612.244897959,0,0],[105918.367346939,0,0],[106071.428571429,0,0],[106147.959183673,1,0],[106224.489795918,2,0],[106377.551020408,0,230],[106683.673469388,0,0],[106760.204081633,0,0],[106989.795918367,0,0],[107295.918367347,1,0],[107372.448979592,2,0],[107448.979591837,0,0],[107525.510204082,1,0],[107602.040816327,0,0],[107755.102040816,0,0],[107908.163265306,2,0],[107984.693877551,2,0],[108061.224489796,0,0],[108214.285714286,0,0],[108290.816326531,0,0],[108367.346938776,0,0],[108520.408163265,0,0],[108596.93877551,1,0],[108673.469387755,2,0],[108826.530612245,1,0],[108979.591836735,0,0],[109056.12244898,2,0],[109285.714285714,1,0],[109438.775510204,3,0],[109515.306122449,3,0],[109591.836734694,1,0],[109744.897959184,3,0],[109821.428571429,0,0],[109897.959183673,3,0],[109974.489795918,3,0],[110051.020408163,1,0],[110204.081632653,3,689],[111122.448979592,0,0],[111275.510204082,0,0],[111352.040816327,2,230],[111581.632653061,1,0],[111887.755102041,2,0],[111964.285714286,3,0],[112193.87755102,1,0],[112500,0,230],[112806.12244898,3,0],[112882.653061224,3,0],[112959.183673469,1,0],[113035.714285714,1,0],[113112.244897959,1,0],[113265.306122449,2,0],[113418.367346939,2,0],[113571.428571429,3,0],[113724.489795918,0,0],[113877.551020408,1,0],[113954.081632653,3,0],[114030.612244898,0,0],[114107.142857143,2,0],[114183.673469388,3,0],[114260.204081633,3,0],[114336.734693878,1,0],[114489.795918367,3,0],[114642.857142857,2,0],[114719.387755102,2,0],[114795.918367347,1,0],[114948.979591837,0,0],[115102.040816327,0,689],[116020.408163265,0,0],[116173.469387755,1,689],[117244.897959184,1,0],[117551.020408163,2,689],[118622.448979592,3,1301],[120000,3,0],[120076.530612245,1,0],[120153.06122449,2,0],[120229.591836735,0,0],[120382.653061224,0,0],[120459.183673469,3,0],[120612.244897959,2,0],[120765.306122449,0,0],[120841.836734694,2,0],[120918.367346939,1,0],[120994.897959184,3,0],[121071.428571429,2,0],[121377.551020408,0,0],[121454.081632653,0,0],[121530.612244898,3,0],[121683.673469388,1,0],[121836.734693878,2,0],[121989.795918367,0,0],[122066.326530612,1,0],[122142.857142857,0,0],[122219.387755102,2,0],[122295.918367347,3,0],[122525.510204082,3,0],[122602.040816327,0,0],[122678.571428571,2,0],[122755.102040816,1,0],[122908.163265306,0,0],[122984.693877551,0,0],[123061.224489796,2,0],[123290.816326531,2,0],[123367.346938776,2,0],[123443.87755102,2,0],[123520.408163265,3,0],[123673.469387755,0,0],[123826.530612245,1,0],[123903.06122449,1,0],[123979.591836735,3,0],[124132.653061224,2,0],[124285.714285714,0,0],[124438.775510204,3,0],[124515.306122449,3,0],[124591.836734694,1,0],[124668.367346939,0,0],[124744.897959184,2,0],[124897.959183673,3,0],[125051.020408163,0,0]],"lengthInSteps":16,"typeOfSection":0,"mustHitSection":false},{"lengthInSteps":16,"altAnim":false,"typeOfSection":0,"sectionNotes":[],"bpm":196,"changeBPM":false,"mustHitSection":true}],"sections":114,"bpm":196,"song":{"isMoody":false,"sectionLengths":[],"player1":"bf-car","player2":"sam","notes":[{"sectionNotes":[],"lengthInSteps":16,"typeOfSection":0,"altAnim":false,"changeBPM":false,"mustHitSection":true,"bpm":196},{"sectionNotes":[],"lengthInSteps":16,"typeOfSection":0,"altAnim":false,"changeBPM":false,"mustHitSection":true,"bpm":196},{"sectionNotes":[],"lengthInSteps":16,"typeOfSection":0,"altAnim":false,"changeBPM":false,"mustHitSection":false,"bpm":196},{"sectionNotes":[],"lengthInSteps":16,"typeOfSection":0,"altAnim":false,"changeBPM":false,"mustHitSection":false,"bpm":196},{"sectionNotes":[],"lengthInSteps":16,"typeOfSection":0,"altAnim":false,"changeBPM":false,"mustHitSection":false,"bpm":196},{"sectionNotes":[],"lengthInSteps":16,"typeOfSection":0,"altAnim":false,"changeBPM":false,"mustHitSection":false,"bpm":196},{"sectionNotes":[],"lengthInSteps":16,"typeOfSection":0,"altAnim":false,"changeBPM":false,"mustHitSection":true,"bpm":196},{"sectionNotes":[],"lengthInSteps":16,"typeOfSection":0,"altAnim":false,"changeBPM":false,"mustHitSection":true,"bpm":196},{"sectionNotes":[],"lengthInSteps":16,"typeOfSection":0,"altAnim":false,"changeBPM":false,"mustHitSection":true,"bpm":196},{"sectionNotes":[],"lengthInSteps":16,"typeOfSection":0,"altAnim":false,"changeBPM":false,"mustHitSection":true,"bpm":196},{"sectionNotes":[],"lengthInSteps":16,"typeOfSection":0,"altAnim":false,"changeBPM":false,"mustHitSection":false,"bpm":196},{"sectionNotes":[],"lengthInSteps":16,"typeOfSection":0,"altAnim":false,"changeBPM":false,"mustHitSection":false,"bpm":196},{"sectionNotes":[],"lengthInSteps":16,"typeOfSection":0,"altAnim":false,"changeBPM":false,"mustHitSection":false,"bpm":196},{"sectionNotes":[],"lengthInSteps":16,"typeOfSection":0,"altAnim":false,"changeBPM":false,"mustHitSection":false,"bpm":196},{"sectionNotes":[],"lengthInSteps":16,"typeOfSection":0,"altAnim":false,"changeBPM":false,"mustHitSection":true,"bpm":196},{"sectionNotes":[],"lengthInSteps":16,"typeOfSection":0,"altAnim":false,"changeBPM":false,"mustHitSection":true,"bpm":196},{"sectionNotes":[],"lengthInSteps":16,"typeOfSection":0,"altAnim":false,"changeBPM":false,"mustHitSection":true,"bpm":196},{"sectionNotes":[],"lengthInSteps":16,"typeOfSection":0,"altAnim":false,"changeBPM":false,"mustHitSection":true,"bpm":196},{"sectionNotes":[],"lengthInSteps":16,"typeOfSection":0,"altAnim":false,"changeBPM":false,"mustHitSection":false,"bpm":196},{"sectionNotes":[],"lengthInSteps":16,"typeOfSection":0,"altAnim":false,"changeBPM":false,"mustHitSection":false,"bpm":196},{"sectionNotes":[],"lengthInSteps":16,"typeOfSection":0,"altAnim":false,"changeBPM":false,"mustHitSection":false,"bpm":196},{"sectionNotes":[],"lengthInSteps":16,"typeOfSection":0,"altAnim":false,"changeBPM":false,"mustHitSection":false,"bpm":196},{"sectionNotes":[],"lengthInSteps":16,"typeOfSection":0,"altAnim":false,"changeBPM":false,"mustHitSection":true,"bpm":196},{"sectionNotes":[],"lengthInSteps":16,"typeOfSection":0,"altAnim":false,"changeBPM":false,"mustHitSection":true,"bpm":196},{"sectionNotes":[],"lengthInSteps":16,"typeOfSection":0,"altAnim":false,"changeBPM":false,"mustHitSection":true,"bpm":196},{"sectionNotes":[],"lengthInSteps":16,"typeOfSection":0,"altAnim":false,"changeBPM":false,"mustHitSection":true,"bpm":196},{"sectionNotes":[],"lengthInSteps":16,"typeOfSection":0,"altAnim":false,"changeBPM":false,"mustHitSection":false,"bpm":196},{"sectionNotes":[],"lengthInSteps":16,"typeOfSection":0,"altAnim":false,"changeBPM":false,"mustHitSection":false,"bpm":196},{"sectionNotes":[],"lengthInSteps":16,"typeOfSection":0,"altAnim":false,"changeBPM":false,"mustHitSection":false,"bpm":196},{"sectionNotes":[],"lengthInSteps":16,"typeOfSection":0,"altAnim":false,"changeBPM":false,"mustHitSection":false,"bpm":196},{"sectionNotes":[],"lengthInSteps":16,"typeOfSection":0,"altAnim":false,"changeBPM":false,"mustHitSection":true,"bpm":196},{"sectionNotes":[],"lengthInSteps":16,"typeOfSection":0,"altAnim":false,"changeBPM":false,"mustHitSection":true,"bpm":196},{"sectionNotes":[],"lengthInSteps":16,"typeOfSection":0,"altAnim":false,"changeBPM":false,"mustHitSection":true,"bpm":196},{"sectionNotes":[],"lengthInSteps":16,"typeOfSection":0,"altAnim":false,"changeBPM":false,"mustHitSection":true,"bpm":196},{"sectionNotes":[],"lengthInSteps":16,"typeOfSection":0,"altAnim":false,"changeBPM":false,"mustHitSection":false,"bpm":196},{"sectionNotes":[],"lengthInSteps":16,"typeOfSection":0,"altAnim":false,"changeBPM":false,"mustHitSection":false,"bpm":196},{"sectionNotes":[],"lengthInSteps":16,"typeOfSection":0,"altAnim":false,"changeBPM":false,"mustHitSection":false,"bpm":196},{"sectionNotes":[],"lengthInSteps":16,"typeOfSection":0,"altAnim":false,"changeBPM":false,"mustHitSection":false,"bpm":196},{"sectionNotes":[],"lengthInSteps":16,"typeOfSection":0,"altAnim":false,"changeBPM":false,"mustHitSection":true,"bpm":196},{"sectionNotes":[],"lengthInSteps":16,"typeOfSection":0,"altAnim":false,"changeBPM":false,"mustHitSection":true,"bpm":196},{"sectionNotes":[],"lengthInSteps":16,"typeOfSection":0,"altAnim":false,"changeBPM":false,"mustHitSection":true,"bpm":196},{"sectionNotes":[],"lengthInSteps":16,"typeOfSection":0,"altAnim":false,"changeBPM":false,"mustHitSection":true,"bpm":196},{"sectionNotes":[],"lengthInSteps":16,"typeOfSection":0,"altAnim":false,"changeBPM":false,"mustHitSection":false,"bpm":196},{"sectionNotes":[],"lengthInSteps":16,"typeOfSection":0,"altAnim":false,"changeBPM":false,"mustHitSection":false,"bpm":196},{"sectionNotes":[],"lengthInSteps":16,"typeOfSection":0,"altAnim":false,"changeBPM":false,"mustHitSection":true,"bpm":196},{"sectionNotes":[],"lengthInSteps":16,"typeOfSection":0,"altAnim":false,"changeBPM":false,"mustHitSection":true,"bpm":196},{"sectionNotes":[],"lengthInSteps":16,"typeOfSection":0,"altAnim":false,"changeBPM":false,"mustHitSection":true,"bpm":196},{"sectionNotes":[],"lengthInSteps":16,"typeOfSection":0,"altAnim":false,"changeBPM":false,"mustHitSection":true,"bpm":196},{"sectionNotes":[],"lengthInSteps":16,"typeOfSection":0,"altAnim":false,"changeBPM":false,"mustHitSection":false,"bpm":196},{"sectionNotes":[],"lengthInSteps":16,"typeOfSection":0,"altAnim":false,"changeBPM":false,"mustHitSection":false,"bpm":196},{"sectionNotes":[],"lengthInSteps":16,"typeOfSection":0,"altAnim":false,"changeBPM":false,"mustHitSection":false,"bpm":196},{"sectionNotes":[],"lengthInSteps":16,"typeOfSection":0,"altAnim":false,"changeBPM":false,"mustHitSection":false,"bpm":196},{"sectionNotes":[],"lengthInSteps":16,"typeOfSection":0,"altAnim":false,"changeBPM":false,"mustHitSection":false,"bpm":196},{"sectionNotes":[],"lengthInSteps":16,"typeOfSection":0,"altAnim":false,"changeBPM":false,"mustHitSection":false,"bpm":196},{"sectionNotes":[],"lengthInSteps":16,"typeOfSection":0,"altAnim":false,"changeBPM":false,"mustHitSection":true,"bpm":196},{"sectionNotes":[],"lengthInSteps":16,"typeOfSection":0,"altAnim":false,"changeBPM":false,"mustHitSection":true,"bpm":196},{"sectionNotes":[],"lengthInSteps":16,"typeOfSection":0,"altAnim":false,"changeBPM":false,"mustHitSection":true,"bpm":196},{"sectionNotes":[],"lengthInSteps":16,"typeOfSection":0,"altAnim":false,"changeBPM":false,"mustHitSection":true,"bpm":196},{"sectionNotes":[],"lengthInSteps":16,"typeOfSection":0,"altAnim":false,"changeBPM":false,"mustHitSection":false,"bpm":196},{"sectionNotes":[],"lengthInSteps":16,"typeOfSection":0,"altAnim":false,"changeBPM":false,"mustHitSection":false,"bpm":196},{"sectionNotes":[],"lengthInSteps":16,"typeOfSection":0,"altAnim":false,"changeBPM":false,"mustHitSection":false,"bpm":196},{"sectionNotes":[],"lengthInSteps":16,"typeOfSection":0,"altAnim":false,"changeBPM":false,"mustHitSection":false,"bpm":196},{"sectionNotes":[],"lengthInSteps":16,"typeOfSection":0,"altAnim":false,"changeBPM":false,"mustHitSection":true,"bpm":196},{"sectionNotes":[],"lengthInSteps":16,"typeOfSection":0,"altAnim":false,"changeBPM":false,"mustHitSection":true,"bpm":196},{"sectionNotes":[],"lengthInSteps":16,"typeOfSection":0,"altAnim":false,"changeBPM":false,"mustHitSection":false,"bpm":196},{"sectionNotes":[],"lengthInSteps":16,"typeOfSection":0,"altAnim":false,"changeBPM":false,"mustHitSection":false,"bpm":196},{"sectionNotes":[],"lengthInSteps":16,"typeOfSection":0,"altAnim":false,"changeBPM":false,"mustHitSection":true,"bpm":196},{"sectionNotes":[],"lengthInSteps":16,"typeOfSection":0,"altAnim":false,"changeBPM":false,"mustHitSection":true,"bpm":196},{"sectionNotes":[],"lengthInSteps":16,"typeOfSection":0,"altAnim":false,"changeBPM":false,"mustHitSection":true,"bpm":196},{"sectionNotes":[],"lengthInSteps":16,"typeOfSection":0,"altAnim":false,"changeBPM":false,"mustHitSection":true,"bpm":196},{"sectionNotes":[],"lengthInSteps":16,"typeOfSection":0,"altAnim":false,"changeBPM":false,"mustHitSection":true,"bpm":196},{"sectionNotes":[],"lengthInSteps":16,"typeOfSection":0,"altAnim":false,"changeBPM":false,"mustHitSection":true,"bpm":196},{"sectionNotes":[],"lengthInSteps":16,"typeOfSection":0,"altAnim":false,"changeBPM":false,"mustHitSection":true,"bpm":196},{"sectionNotes":[],"lengthInSteps":16,"typeOfSection":0,"altAnim":false,"changeBPM":false,"mustHitSection":true,"bpm":196},{"sectionNotes":[],"lengthInSteps":16,"typeOfSection":0,"altAnim":false,"changeBPM":false,"mustHitSection":false,"bpm":196},{"sectionNotes":[],"lengthInSteps":16,"typeOfSection":0,"altAnim":false,"changeBPM":false,"mustHitSection":false,"bpm":196},{"sectionNotes":[],"lengthInSteps":16,"typeOfSection":0,"altAnim":false,"changeBPM":false,"mustHitSection":true,"bpm":196},{"sectionNotes":[],"lengthInSteps":16,"typeOfSection":0,"altAnim":false,"changeBPM":false,"mustHitSection":true,"bpm":196},{"sectionNotes":[],"lengthInSteps":16,"typeOfSection":0,"altAnim":false,"changeBPM":false,"mustHitSection":false,"bpm":196},{"sectionNotes":[],"lengthInSteps":16,"typeOfSection":0,"altAnim":false,"changeBPM":false,"mustHitSection":false,"bpm":196},{"sectionNotes":[],"lengthInSteps":16,"typeOfSection":0,"altAnim":false,"changeBPM":false,"mustHitSection":true,"bpm":196},{"sectionNotes":[],"lengthInSteps":16,"typeOfSection":0,"altAnim":false,"changeBPM":false,"mustHitSection":true,"bpm":196},{"sectionNotes":[],"lengthInSteps":16,"typeOfSection":0,"altAnim":false,"changeBPM":false,"mustHitSection":false,"bpm":196},{"sectionNotes":[],"lengthInSteps":16,"typeOfSection":0,"altAnim":false,"changeBPM":false,"mustHitSection":false,"bpm":196},{"sectionNotes":[],"lengthInSteps":16,"typeOfSection":0,"altAnim":false,"changeBPM":false,"mustHitSection":false,"bpm":196},{"sectionNotes":[],"lengthInSteps":16,"typeOfSection":0,"altAnim":false,"changeBPM":false,"mustHitSection":false,"bpm":196},{"sectionNotes":[],"lengthInSteps":16,"typeOfSection":0,"altAnim":false,"changeBPM":false,"mustHitSection":true,"bpm":196},{"sectionNotes":[],"lengthInSteps":16,"typeOfSection":0,"altAnim":false,"changeBPM":false,"mustHitSection":true,"bpm":196},{"sectionNotes":[],"lengthInSteps":16,"typeOfSection":0,"altAnim":false,"changeBPM":false,"mustHitSection":true,"bpm":196},{"sectionNotes":[],"lengthInSteps":16,"typeOfSection":0,"altAnim":false,"changeBPM":false,"mustHitSection":true,"bpm":196},{"sectionNotes":[],"lengthInSteps":16,"typeOfSection":0,"altAnim":false,"changeBPM":false,"mustHitSection":false,"bpm":196},{"sectionNotes":[],"lengthInSteps":16,"typeOfSection":0,"altAnim":false,"changeBPM":false,"mustHitSection":false,"bpm":196},{"sectionNotes":[],"lengthInSteps":16,"typeOfSection":0,"altAnim":false,"changeBPM":false,"mustHitSection":false,"bpm":196},{"sectionNotes":[],"lengthInSteps":16,"typeOfSection":0,"altAnim":false,"changeBPM":false,"mustHitSection":false,"bpm":196},{"sectionNotes":[],"lengthInSteps":16,"typeOfSection":0,"altAnim":false,"changeBPM":false,"mustHitSection":true,"bpm":196},{"sectionNotes":[],"lengthInSteps":16,"typeOfSection":0,"altAnim":false,"changeBPM":false,"mustHitSection":true,"bpm":196},{"sectionNotes":[],"lengthInSteps":16,"typeOfSection":0,"altAnim":false,"changeBPM":false,"mustHitSection":true,"bpm":196},{"sectionNotes":[],"lengthInSteps":16,"typeOfSection":0,"altAnim":false,"changeBPM":false,"mustHitSection":true,"bpm":196},{"sectionNotes":[],"lengthInSteps":16,"typeOfSection":0,"altAnim":false,"changeBPM":false,"mustHitSection":false,"bpm":196},{"sectionNotes":[],"lengthInSteps":16,"typeOfSection":0,"altAnim":false,"changeBPM":false,"mustHitSection":false,"bpm":196},{"sectionNotes":[],"lengthInSteps":16,"typeOfSection":0,"altAnim":false,"changeBPM":false,"mustHitSection":false,"bpm":196},{"sectionNotes":[],"lengthInSteps":16,"typeOfSection":0,"altAnim":false,"changeBPM":false,"mustHitSection":false,"bpm":196},{"sectionNotes":[],"lengthInSteps":16,"typeOfSection":0,"altAnim":false,"changeBPM":false,"mustHitSection":true,"bpm":196},{"sectionNotes":[],"lengthInSteps":16,"typeOfSection":0,"altAnim":false,"changeBPM":false,"mustHitSection":true,"bpm":196},{"sectionNotes":[],"lengthInSteps":16,"typeOfSection":0,"altAnim":false,"changeBPM":false,"mustHitSection":true,"bpm":196},{"sectionNotes":[],"lengthInSteps":16,"typeOfSection":0,"altAnim":false,"changeBPM":false,"mustHitSection":true,"bpm":196},{"sectionNotes":[],"lengthInSteps":16,"typeOfSection":0,"altAnim":false,"changeBPM":false,"mustHitSection":true,"bpm":196},{"sectionNotes":[],"lengthInSteps":16,"typeOfSection":0,"altAnim":false,"changeBPM":false,"mustHitSection":true,"bpm":196},{"sectionNotes":[],"lengthInSteps":16,"typeOfSection":0,"altAnim":false,"changeBPM":false,"mustHitSection":true,"bpm":196},{"sectionNotes":[],"lengthInSteps":16,"typeOfSection":0,"altAnim":false,"changeBPM":false,"mustHitSection":true,"bpm":196},{"sectionNotes":[],"lengthInSteps":16,"typeOfSection":0,"altAnim":false,"changeBPM":false,"mustHitSection":true,"bpm":196},{"sectionNotes":[[7346.9387755102,2,0],[7653.0612244898,2,0],[7959.18367346939,2,0],[8035.71428571429,0,0],[8112.24489795918,1,0],[8188.77551020408,3,0],[8418.36734693878,2,0],[8724.48979591837,2,0],[9030.61224489796,2,0],[9183.67346938776,0,0],[9336.73469387755,3,0],[9489.79591836735,3,0],[9642.85714285714,1,0],[9795.91836734694,2,0],[10102.0408163265,2,0],[10408.1632653061,2,0],[10484.693877551,0,0],[10561.2244897959,1,0],[10637.7551020408,3,0],[10867.3469387755,2,0],[11173.4693877551,2,0],[11479.5918367347,2,0],[11632.6530612245,0,0],[11785.7142857143,3,0],[11938.7755102041,1,0],[12015.306122449,0,0],[12091.8367346939,3,0],[17142.8571428571,3,689],[18061.2244897959,0,0],[18214.2857142857,0,0],[18290.8163265306,2,230],[18520.4081632653,1,0],[18826.5306122449,2,0],[18903.0612244898,3,0],[19132.6530612245,1,0],[19438.7755102041,0,230],[19744.8979591837,3,0],[19821.4285714286,3,0],[19897.9591836735,1,0],[19974.4897959184,1,0],[20051.0204081633,1,0],[20204.0816326531,2,0],[20357.1428571429,2,0],[20510.2040816327,3,0],[20663.2653061224,0,0],[20816.3265306122,1,0],[20892.8571428571,3,0],[20969.387755102,0,0],[21045.9183673469,2,0],[21122.4489795918,3,0],[21198.9795918367,3,0],[21275.5102040816,1,0],[21428.5714285714,3,0],[21581.6326530612,2,0],[21658.1632653061,2,0],[21734.693877551,1,0],[21887.7551020408,0,0],[26938.7755102041,3,0],[27015.306122449,1,0],[27091.8367346939,2,0],[27168.3673469388,0,0],[27321.4285714286,0,0],[27397.9591836735,3,0],[27551.0204081633,2,0],[27704.0816326531,0,0],[27780.612244898,2,0],[27857.1428571429,1,0],[27933.6734693878,3,0],[28010.2040816327,2,0],[28316.3265306122,0,0],[28392.8571428571,0,0],[28469.387755102,3,0],[28622.4489795918,1,0],[28775.5102040816,2,0],[28928.5714285714,0,0],[29005.1020408163,1,0],[29081.6326530612,0,0],[29158.1632653061,2,0],[29234.693877551,3,0],[29464.2857142857,3,0],[29540.8163265306,0,0],[29617.3469387755,2,0],[29693.8775510204,1,0],[29846.9387755102,0,0],[29923.4693877551,0,0],[30000,2,0],[30229.5918367347,2,0],[30306.1224489796,2,0],[30382.6530612245,2,0],[30459.1836734694,3,0],[30612.2448979592,0,0],[30765.306122449,1,0],[30841.8367346939,1,0],[30918.3673469388,3,0],[31071.4285714286,2,0],[31224.4897959184,0,0],[31377.5510204082,3,0],[31454.0816326531,3,0],[31530.612244898,1,0],[31607.1428571429,0,0],[31683.6734693878,2,0],[31836.7346938776,3,0],[31989.7959183673,0,0],[36734.693877551,3,612],[37500,0,0],[37653.0612244898,1,0],[37729.5918367347,3,0],[37959.1836734694,2,0],[38112.2448979592,2,0],[38265.306122449,3,0],[38571.4285714286,3,0],[38647.9591836735,1,0],[38724.4897959184,3,0],[38877.5510204082,2,0],[38954.0816326531,3,0],[39030.612244898,0,0],[39183.6734693878,2,0],[39336.7346938776,3,0],[39489.7959183673,1,0],[39642.8571428571,2,0],[39719.387755102,2,0],[39795.9183673469,0,0],[39948.9795918367,3,0],[40102.0408163265,0,0],[40255.1020408163,3,0],[40331.6326530612,3,0],[40408.1632653061,2,0],[40561.2244897959,0,0],[40637.7551020408,1,0],[40714.2857142857,2,0],[40867.3469387755,0,0],[40943.8775510204,1,0],[41020.4081632653,2,0],[41173.4693877551,2,0],[41250,2,0],[41326.5306122449,3,0],[41479.5918367347,0,0],[46530.612244898,3,459],[46989.7959183673,0,230],[47448.9795918367,0,0],[47602.0408163265,0,0],[47678.5714285714,2,230],[47908.1632653061,1,0],[48214.2857142857,2,0],[48290.8163265306,3,0],[48520.4081632653,1,0],[48826.5306122449,0,230],[49132.6530612245,3,0],[49209.1836734694,3,0],[49285.7142857143,1,0],[49362.2448979592,1,0],[49438.7755102041,1,0],[49591.8367346939,2,0],[49744.8979591837,2,0],[49897.9591836735,3,0],[50051.0204081633,0,0],[50204.0816326531,1,0],[50280.612244898,3,0],[50357.1428571429,0,0],[50433.6734693878,2,0],[50510.2040816327,3,0],[50586.7346938776,3,0],[50663.2653061224,1,0],[50816.3265306122,3,0],[50969.387755102,2,0],[51045.9183673469,2,0],[51122.4489795918,1,0],[51275.5102040816,0,0],[51428.5714285714,2,0],[51734.693877551,2,0],[52193.8775510204,0,0],[52346.9387755102,3,0],[52500,2,0],[53877.5510204082,1,0],[54183.6734693878,1,0],[54642.8571428571,0,0],[54795.9183673469,1,0],[54948.9795918367,2,0],[55714.2857142857,1,0],[55867.3469387755,0,0],[56020.4081632653,3,0],[56173.4693877551,0,0],[56326.5306122449,2,0],[56632.6530612245,2,0],[56938.7755102041,2,0],[57015.306122449,0,0],[57091.8367346939,1,0],[57168.3673469388,3,0],[57397.9591836735,2,0],[57704.0816326531,2,0],[58010.2040816327,2,0],[58163.2653061224,0,0],[58316.3265306122,3,0],[58469.387755102,3,0],[58622.4489795918,1,0],[58775.5102040816,2,0],[59081.6326530612,2,0],[59387.7551020408,2,0],[59464.2857142857,0,0],[59540.8163265306,1,0],[59617.3469387755,3,0],[59846.9387755102,2,0],[60153.0612244898,2,0],[60459.1836734694,2,0],[60612.2448979592,0,0],[60765.306122449,3,0],[60918.3673469388,1,0],[60994.8979591837,0,0],[61071.4285714286,3,0],[61224.4897959184,2,0],[66122.4489795918,1,0],[66275.5102040816,0,0],[66428.5714285714,3,0],[66581.6326530612,1,0],[66734.693877551,0,0],[66887.7551020408,3,0],[67040.8163265306,1,0],[67117.3469387755,0,0],[67193.8775510204,3,0],[67346.9387755102,1,0],[67500,0,0],[67653.0612244898,3,0],[67806.1224489796,1,0],[67959.1836734694,0,0],[68112.2448979592,3,0],[68265.306122449,1,0],[68341.8367346939,0,0],[68418.3673469388,3,0],[68571.4285714286,2,0],[68647.9591836735,3,0],[68724.4897959184,1,0],[68801.0204081633,0,0],[68877.5510204082,2,0],[68954.0816326531,3,0],[69030.612244898,1,0],[69107.1428571429,0,0],[69183.6734693878,2,0],[69260.2040816326,3,0],[69336.7346938776,1,0],[69413.2653061225,0,0],[69489.7959183674,1,0],[69566.3265306122,2,0],[69642.8571428571,0,0],[69719.387755102,0,0],[69795.9183673469,2,0],[69872.4489795918,3,0],[69948.9795918367,1,0],[70025.5102040816,0,0],[70102.0408163265,2,0],[70178.5714285714,3,0],[70255.1020408163,1,0],[70331.6326530612,0,0],[70408.1632653061,2,0],[70484.693877551,3,0],[70561.2244897959,1,0],[70637.7551020408,0,0],[70714.2857142857,2,0],[70790.8163265306,3,0],[70867.3469387755,1,0],[70943.8775510204,0,0],[75918.3673469388,0,0],[75994.8979591837,1,0],[76071.4285714286,3,0],[76147.9591836735,1,0],[76301.0204081633,1,0],[76377.5510204082,3,0],[76530.612244898,2,0],[76683.6734693878,1,0],[76760.2040816326,3,0],[76836.7346938776,1,0],[76913.2653061225,3,0],[76989.7959183674,0,0],[77295.9183673469,1,0],[77372.4489795918,0,0],[77448.9795918367,3,0],[77602.0408163265,1,0],[77755.1020408163,2,0],[77908.1632653061,0,0],[77984.693877551,3,0],[78061.2244897959,0,0],[78137.7551020408,3,0],[78214.2857142857,1,0],[78443.8775510204,0,0],[78520.4081632653,1,0],[78596.9387755102,3,0],[78673.4693877551,1,0],[78826.5306122449,1,0],[78903.0612244898,1,0],[78979.5918367347,2,0],[79209.1836734694,2,0],[79285.7142857143,2,0],[79362.2448979592,2,0],[79438.7755102041,3,0],[79591.8367346939,0,0],[79744.8979591837,1,0],[79821.4285714286,1,0],[79897.9591836735,2,0],[80051.0204081633,0,0],[80204.0816326531,1,0],[80357.1428571429,1,0],[80433.6734693878,3,0],[80510.2040816326,0,0],[80586.7346938776,3,0],[80663.2653061225,2,0],[80816.3265306122,0,612],[81734.693877551,2,0],[81887.7551020408,3,0],[82040.8163265306,2,0],[82653.0612244898,0,0],[83112.2448979592,3,0],[83418.3673469388,3,0],[83571.4285714286,1,0],[83724.4897959184,3,0],[83877.5510204082,1,0],[84183.6734693878,3,0],[84336.7346938776,2,0],[84489.7959183674,0,0],[84642.8571428571,2,0],[84795.9183673469,3,0],[84948.9795918367,0,0],[85102.0408163265,3,306],[85408.1632653061,1,306],[85714.2857142857,2,612],[86632.6530612245,3,0],[86785.7142857143,3,0],[86938.7755102041,1,0],[87244.8979591837,2,0],[87551.0204081633,2,0],[87857.1428571429,3,0],[88010.2040816326,2,0],[88163.2653061225,1,0],[88316.3265306122,2,0],[88469.387755102,2,0],[88622.4489795918,3,0],[88775.5102040816,2,0],[88928.5714285714,0,0],[89081.6326530612,2,0],[89234.693877551,0,0],[89387.7551020408,1,0],[89540.8163265306,2,0],[89693.8775510204,3,0],[89846.9387755102,2,0],[90000,2,0],[90153.0612244898,0,0],[90306.1224489796,1,0],[90459.1836734694,0,0],[90612.2448979592,1,612],[91530.612244898,0,0],[91683.6734693878,1,0],[91836.7346938776,3,0],[92142.8571428571,0,0],[92448.9795918367,2,0],[92755.1020408163,3,0],[92831.6326530612,1,0],[92908.1632653061,2,0],[93061.2244897959,1,0],[93214.2857142857,3,0],[93367.3469387755,2,0],[93520.4081632653,3,0],[93673.4693877551,2,0],[93826.5306122449,0,0],[93979.5918367347,2,0],[94132.6530612245,0,0],[94285.7142857143,1,0],[94438.7755102041,3,0],[94515.306122449,3,0],[94591.8367346939,2,0],[94744.8979591837,0,0],[94897.9591836735,2,306],[95204.0816326531,1,306],[95510.2040816326,2,612],[96428.5714285714,2,0],[96581.6326530612,3,0],[96734.693877551,0,0],[97040.8163265306,3,0],[97346.9387755102,1,0],[97653.0612244898,3,0],[97729.5918367347,2,0],[97806.1224489796,0,0],[97959.1836734694,2,0],[98112.2448979592,0,0],[98188.7755102041,0,0],[98265.306122449,1,0],[98418.3673469388,3,0],[98571.4285714286,1,0],[98724.4897959184,2,0],[98877.5510204082,1,0],[99030.612244898,2,0],[99183.6734693878,3,0],[99336.7346938776,2,0],[99413.2653061225,2,0],[99489.7959183674,3,0],[99642.8571428571,0,0],[99795.9183673469,2,0],[99948.9795918367,2,0],[100102.040816327,0,0],[100255.102040816,0,0],[100331.632653061,0,0],[100408.163265306,3,0],[105306.12244898,0,0],[105459.183673469,2,0],[105612.244897959,0,0],[105918.367346939,0,0],[106071.428571429,1,0],[106147.959183673,2,0],[106224.489795918,3,0],[106377.551020408,1,230],[106683.673469388,0,0],[106760.204081633,0,0],[106989.795918367,0,0],[107295.918367347,2,0],[107372.448979592,3,0],[107448.979591837,1,0],[107525.510204082,2,0],[107602.040816327,0,0],[107755.102040816,0,0],[107908.163265306,3,0],[107984.693877551,3,0],[108061.224489796,0,0],[108214.285714286,1,0],[108290.816326531,1,0],[108367.346938776,0,0],[108520.408163265,1,0],[108596.93877551,2,0],[108673.469387755,3,0],[108826.530612245,2,0],[108979.591836735,0,0],[109056.12244898,2,0],[109285.714285714,1,0],[109438.775510204,3,0],[109515.306122449,3,0],[109591.836734694,1,0],[109744.897959184,3,0],[109821.428571429,0,0],[109897.959183673,3,0],[109974.489795918,3,0],[110051.020408163,1,0],[115102.040816327,3,689],[116020.408163265,0,0],[116173.469387755,0,0],[116250,2,230],[116479.591836735,1,0],[116785.714285714,2,0],[116862.244897959,3,0],[117091.836734694,1,0],[117397.959183673,0,230],[117704.081632653,3,0],[117780.612244898,3,0],[117857.142857143,1,0],[117933.673469388,1,0],[118010.204081633,1,0],[118163.265306122,2,0],[118316.326530612,2,0],[118469.387755102,3,0],[118622.448979592,0,0],[118775.510204082,1,0],[118852.040816327,3,0],[118928.571428571,0,0],[119005.102040816,2,0],[119081.632653061,3,0],[119158.163265306,3,0],[119234.693877551,1,0],[119387.755102041,3,0],[119540.816326531,2,0],[119617.346938776,2,0],[119693.87755102,1,0],[119846.93877551,0,0],[124897.959183673,3,0],[124974.489795918,1,0],[125051.020408163,2,0],[125127.551020408,0,0],[125280.612244898,0,0],[125357.142857143,3,0],[125510.204081633,2,0],[125663.265306122,0,0],[125739.795918367,2,0],[125816.326530612,1,0],[125892.857142857,3,0],[125969.387755102,2,0],[126275.510204082,0,0],[126352.040816327,0,0],[126428.571428571,3,0],[126581.632653061,1,0],[126734.693877551,2,0],[126887.755102041,0,0],[126964.285714286,1,0],[127040.816326531,0,0],[127117.346938776,2,0],[127193.87755102,3,0],[127423.469387755,3,0],[127500,0,0],[127576.530612245,2,0],[127653.06122449,1,0],[127806.12244898,0,0],[127882.653061224,0,0],[127959.183673469,2,0],[128188.775510204,2,0],[128265.306122449,2,0],[128341.836734694,2,0],[128418.367346939,3,0],[128571.428571429,0,0],[128724.489795918,1,0],[128801.020408163,1,0],[128877.551020408,3,0],[129030.612244898,2,0],[129183.673469388,0,0],[129336.734693878,3,0],[129413.265306122,3,0],[129489.795918367,1,0],[129566.326530612,0,0],[129642.857142857,1,0],[129795.918367347,2,765]],"lengthInSteps":16,"typeOfSection":0,"mustHitSection":true},{"sectionNotes":[[2448.97959183673,2,0],[2755.10204081633,2,0],[3061.22448979592,2,0],[3137.75510204082,0,0],[3214.28571428571,1,0],[3290.81632653061,3,0],[3520.40816326531,2,0],[3826.5306122449,2,0],[4132.65306122449,2,0],[4285.71428571429,1,0],[4438.77551020408,0,0],[4591.83673469388,3,0],[4744.89795918367,0,0],[4897.95918367347,2,0],[5204.08163265306,2,0],[5510.20408163265,2,0],[5586.73469387755,0,0],[5663.26530612245,1,0],[5739.79591836735,3,0],[5969.38775510204,2,0],[6275.51020408163,2,0],[6581.63265306123,2,0],[6734.69387755102,1,0],[6887.75510204082,0,0],[7040.81632653061,3,0],[7117.34693877551,1,0],[7193.87755102041,0,0],[12244.8979591837,3,689],[13163.2653061225,0,0],[13316.3265306122,0,0],[13392.8571428571,2,230],[13622.4489795918,1,0],[13928.5714285714,2,0],[14005.1020408163,3,0],[14234.693877551,1,0],[14540.8163265306,0,230],[14846.9387755102,3,0],[14923.4693877551,3,0],[15000,1,0],[15076.5306122449,1,0],[15153.0612244898,1,0],[15306.1224489796,2,0],[15459.1836734694,2,0],[15612.2448979592,3,0],[15765.306122449,0,0],[15918.3673469388,1,0],[15994.8979591837,3,0],[16071.4285714286,0,0],[16147.9591836735,2,0],[16224.4897959184,3,0],[16301.0204081633,3,0],[16377.5510204082,1,0],[16530.612244898,3,0],[16683.6734693878,2,0],[16760.2040816327,2,0],[16836.7346938776,1,0],[16989.7959183673,0,0],[17142.8571428571,0,689],[18061.2244897959,0,0],[18214.2857142857,1,689],[19285.7142857143,1,0],[19591.8367346939,2,689],[20663.2653061224,3,1301],[22040.8163265306,3,0],[22117.3469387755,1,0],[22193.8775510204,2,0],[22270.4081632653,0,0],[22423.4693877551,0,0],[22500,3,0],[22653.0612244898,2,0],[22806.1224489796,0,0],[22882.6530612245,2,0],[22959.1836734694,1,0],[23035.7142857143,3,0],[23112.2448979592,2,0],[23418.3673469388,0,0],[23494.8979591837,0,0],[23571.4285714286,3,0],[23724.4897959184,1,0],[23877.5510204082,2,0],[24030.612244898,0,0],[24107.1428571429,1,0],[24183.6734693878,0,0],[24260.2040816327,2,0],[24336.7346938776,3,0],[24566.3265306122,3,0],[24642.8571428571,0,0],[24719.387755102,2,0],[24795.9183673469,1,0],[24948.9795918367,0,0],[25025.5102040816,0,0],[25102.0408163265,2,0],[25331.6326530612,2,0],[25408.1632653061,2,0],[25484.693877551,2,0],[25561.2244897959,3,0],[25714.2857142857,0,0],[25867.3469387755,1,0],[25943.8775510204,1,0],[26020.4081632653,3,0],[26173.4693877551,2,0],[26326.5306122449,0,0],[26479.5918367347,3,0],[26556.1224489796,3,0],[26632.6530612245,1,0],[26709.1836734694,0,0],[26785.7142857143,2,0],[26938.7755102041,3,0],[27091.8367346939,0,0],[31836.7346938776,3,612],[32602.0408163265,0,0],[32755.1020408163,1,0],[32831.6326530612,3,0],[33061.2244897959,2,0],[33214.2857142857,2,0],[33367.3469387755,3,0],[33673.4693877551,3,0],[33750,1,0],[33826.5306122449,3,0],[33979.5918367347,2,0],[34056.1224489796,3,0],[34132.6530612245,0,0],[34285.7142857143,2,0],[34438.7755102041,3,0],[34591.8367346939,1,0],[34744.8979591837,2,0],[34821.4285714286,2,0],[34897.9591836735,0,0],[35051.0204081633,3,0],[35204.0816326531,0,0],[35357.1428571429,3,0],[35433.6734693878,3,0],[35510.2040816327,2,0],[35663.2653061224,0,0],[35739.7959183673,1,0],[35816.3265306122,2,0],[35969.387755102,0,0],[36045.9183673469,1,0],[36122.4489795918,2,0],[36275.5102040816,2,0],[36352.0408163265,2,0],[36428.5714285714,3,0],[36581.6326530612,0,0],[41632.6530612245,3,459],[42091.8367346939,0,230],[42551.0204081633,0,0],[42704.0816326531,0,0],[42780.612244898,2,230],[43010.2040816327,1,0],[43316.3265306122,2,0],[43392.8571428571,3,0],[43622.4489795918,1,0],[43928.5714285714,0,230],[44234.693877551,3,0],[44311.2244897959,3,0],[44387.7551020408,1,0],[44464.2857142857,1,0],[44540.8163265306,1,0],[44693.8775510204,2,0],[44846.9387755102,2,0],[45000,3,0],[45153.0612244898,0,0],[45306.1224489796,1,0],[45382.6530612245,3,0],[45459.1836734694,0,0],[45535.7142857143,2,0],[45612.2448979592,3,0],[45688.7755102041,3,0],[45765.306122449,1,0],[45918.3673469388,3,0],[46071.4285714286,2,0],[46147.9591836735,2,0],[46224.4897959184,1,0],[46377.5510204082,0,0],[46530.612244898,0,689],[47448.9795918367,0,0],[47602.0408163265,1,689],[48673.4693877551,1,0],[48979.5918367347,2,689],[50051.0204081633,3,1301],[51428.5714285714,2,0],[51734.693877551,2,0],[52040.8163265306,2,0],[52117.3469387755,0,0],[52193.8775510204,1,0],[52270.4081632653,3,0],[52500,2,0],[52806.1224489796,2,0],[53112.2448979592,2,0],[53265.306122449,1,0],[53418.3673469388,0,0],[53571.4285714286,3,0],[53724.4897959184,0,0],[53877.5510204082,2,0],[54183.6734693878,2,0],[54489.7959183673,2,0],[54566.3265306122,0,0],[54642.8571428571,1,0],[54719.387755102,3,0],[54948.9795918367,2,0],[55255.1020408163,2,0],[55561.2244897959,2,0],[55714.2857142857,1,0],[55867.3469387755,0,0],[56020.4081632653,3,0],[56096.9387755102,1,0],[56173.4693877551,0,0],[56326.5306122449,2,0],[56632.6530612245,2,0],[57091.8367346939,0,0],[57244.8979591837,3,0],[57397.9591836735,2,0],[58775.5102040816,1,0],[59081.6326530612,1,0],[59540.8163265306,0,0],[59693.8775510204,1,0],[59846.9387755102,2,0],[60612.2448979592,1,0],[60765.306122449,0,0],[60918.3673469388,3,0],[61071.4285714286,0,0],[61224.4897959184,1,0],[61377.5510204082,0,0],[61530.612244898,3,0],[61683.6734693878,1,0],[61836.7346938776,0,0],[61989.7959183673,3,0],[62142.8571428571,1,0],[62219.387755102,0,0],[62295.9183673469,3,0],[62448.9795918367,1,0],[62602.0408163265,0,0],[62755.1020408163,3,0],[62908.1632653061,1,0],[63061.2244897959,0,0],[63214.2857142857,3,0],[63367.3469387755,1,0],[63443.8775510204,0,0],[63520.4081632653,3,0],[63673.4693877551,2,0],[63750,3,0],[63826.5306122449,1,0],[63903.0612244898,0,0],[63979.5918367347,2,0],[64056.1224489796,3,0],[64132.6530612245,1,0],[64209.1836734694,0,0],[64285.7142857143,2,0],[64362.2448979592,3,0],[64438.7755102041,1,0],[64515.306122449,0,0],[64591.8367346939,1,0],[64668.3673469388,2,0],[64744.8979591837,0,0],[64821.4285714286,0,0],[64897.9591836735,2,0],[64974.4897959184,3,0],[65051.0204081633,1,0],[65127.5510204082,0,0],[65204.0816326531,2,0],[65280.612244898,3,0],[65357.1428571429,1,0],[65433.6734693878,0,0],[65510.2040816327,2,0],[65586.7346938776,3,0],[65663.2653061225,1,0],[65739.7959183674,0,0],[65816.3265306122,2,0],[65892.8571428571,3,0],[65969.387755102,1,0],[66045.9183673469,0,0],[71020.4081632653,0,0],[71096.9387755102,1,0],[71173.4693877551,3,0],[71250,1,0],[71403.0612244898,1,0],[71479.5918367347,3,0],[71632.6530612245,2,0],[71785.7142857143,1,0],[71862.2448979592,3,0],[71938.7755102041,1,0],[72015.306122449,3,0],[72091.8367346939,0,0],[72397.9591836735,1,0],[72474.4897959184,0,0],[72551.0204081633,3,0],[72704.0816326531,1,0],[72857.1428571429,2,0],[73010.2040816326,0,0],[73086.7346938776,3,0],[73163.2653061225,0,0],[73239.7959183674,3,0],[73316.3265306122,1,0],[73545.9183673469,0,0],[73622.4489795918,1,0],[73698.9795918367,3,0],[73775.5102040816,1,0],[73928.5714285714,1,0],[74005.1020408163,1,0],[74081.6326530612,2,0],[74311.2244897959,2,0],[74387.7551020408,2,0],[74464.2857142857,2,0],[74540.8163265306,3,0],[74693.8775510204,0,0],[74846.9387755102,1,0],[74923.4693877551,1,0],[75000,2,0],[75153.0612244898,0,0],[75306.1224489796,1,0],[75459.1836734694,1,0],[75535.7142857143,3,0],[75612.2448979592,0,0],[75688.7755102041,3,0],[75765.306122449,2,0],[75918.3673469388,0,1224],[77142.8571428571,3,1224],[78367.3469387755,2,1224],[79591.8367346939,1,1071],[80663.2653061225,0,0],[90306.1224489796,2,0],[90459.1836734694,1,0],[90612.2448979592,2,612],[91530.612244898,2,0],[91683.6734693878,3,0],[91836.7346938776,0,0],[92142.8571428571,3,0],[92448.9795918367,1,0],[92755.1020408163,3,0],[92831.6326530612,2,0],[92908.1632653061,0,0],[93061.2244897959,2,0],[93214.2857142857,0,0],[93290.8163265306,0,0],[93367.3469387755,1,0],[93520.4081632653,3,0],[93673.4693877551,1,0],[93826.5306122449,2,0],[93979.5918367347,1,0],[94132.6530612245,2,0],[94285.7142857143,3,0],[94438.7755102041,2,0],[94515.306122449,2,0],[94591.8367346939,3,0],[94744.8979591837,0,0],[94897.9591836735,2,0],[95051.0204081633,2,0],[95204.0816326531,0,0],[95357.1428571429,0,0],[95433.6734693878,0,0],[95510.2040816326,3,306],[95816.3265306122,1,306],[96122.4489795918,0,306],[96428.5714285714,2,306],[96734.693877551,3,306],[97040.8163265306,2,306],[97346.9387755102,1,306],[97653.0612244898,0,306],[97959.1836734694,1,306],[98265.306122449,3,306],[98571.4285714286,0,306],[98877.5510204082,2,306],[99183.6734693878,3,306],[99489.7959183674,1,306],[99795.9183673469,0,306],[100102.040816327,2,306],[100408.163265306,0,0],[100561.224489796,2,0],[100714.285714286,0,0],[101020.408163265,0,0],[101173.469387755,1,0],[101250,2,0],[101326.530612245,3,0],[101479.591836735,1,230],[101785.714285714,0,0],[101862.244897959,0,0],[102091.836734694,0,0],[102397.959183673,2,0],[102474.489795918,3,0],[102551.020408163,1,0],[102627.551020408,2,0],[102704.081632653,0,0],[102857.142857143,0,0],[103010.204081633,3,0],[103086.734693878,3,0],[103163.265306122,0,0],[103316.326530612,1,0],[103392.857142857,1,0],[103469.387755102,0,0],[103622.448979592,1,0],[103698.979591837,2,0],[103775.510204082,3,0],[103928.571428571,2,0],[104081.632653061,0,0],[104158.163265306,2,0],[104387.755102041,1,0],[104540.816326531,3,0],[104617.346938776,3,0],[104693.87755102,1,0],[104846.93877551,3,0],[104923.469387755,0,0],[105000,3,0],[105076.530612245,3,0],[105153.06122449,1,0],[105306.12244898,0,0],[105459.183673469,1,0],[105612.244897959,0,0],[105918.367346939,0,0],[106071.428571429,0,0],[106147.959183673,1,0],[106224.489795918,2,0],[106377.551020408,0,230],[106683.673469388,0,0],[106760.204081633,0,0],[106989.795918367,0,0],[107295.918367347,1,0],[107372.448979592,2,0],[107448.979591837,0,0],[107525.510204082,1,0],[107602.040816327,0,0],[107755.102040816,0,0],[107908.163265306,2,0],[107984.693877551,2,0],[108061.224489796,0,0],[108214.285714286,0,0],[108290.816326531,0,0],[108367.346938776,0,0],[108520.408163265,0,0],[108596.93877551,1,0],[108673.469387755,2,0],[108826.530612245,1,0],[108979.591836735,0,0],[109056.12244898,2,0],[109285.714285714,1,0],[109438.775510204,3,0],[109515.306122449,3,0],[109591.836734694,1,0],[109744.897959184,3,0],[109821.428571429,0,0],[109897.959183673,3,0],[109974.489795918,3,0],[110051.020408163,1,0],[110204.081632653,3,689],[111122.448979592,0,0],[111275.510204082,0,0],[111352.040816327,2,230],[111581.632653061,1,0],[111887.755102041,2,0],[111964.285714286,3,0],[112193.87755102,1,0],[112500,0,230],[112806.12244898,3,0],[112882.653061224,3,0],[112959.183673469,1,0],[113035.714285714,1,0],[113112.244897959,1,0],[113265.306122449,2,0],[113418.367346939,2,0],[113571.428571429,3,0],[113724.489795918,0,0],[113877.551020408,1,0],[113954.081632653,3,0],[114030.612244898,0,0],[114107.142857143,2,0],[114183.673469388,3,0],[114260.204081633,3,0],[114336.734693878,1,0],[114489.795918367,3,0],[114642.857142857,2,0],[114719.387755102,2,0],[114795.918367347,1,0],[114948.979591837,0,0],[115102.040816327,0,689],[116020.408163265,0,0],[116173.469387755,1,689],[117244.897959184,1,0],[117551.020408163,2,689],[118622.448979592,3,1301],[120000,3,0],[120076.530612245,1,0],[120153.06122449,2,0],[120229.591836735,0,0],[120382.653061224,0,0],[120459.183673469,3,0],[120612.244897959,2,0],[120765.306122449,0,0],[120841.836734694,2,0],[120918.367346939,1,0],[120994.897959184,3,0],[121071.428571429,2,0],[121377.551020408,0,0],[121454.081632653,0,0],[121530.612244898,3,0],[121683.673469388,1,0],[121836.734693878,2,0],[121989.795918367,0,0],[122066.326530612,1,0],[122142.857142857,0,0],[122219.387755102,2,0],[122295.918367347,3,0],[122525.510204082,3,0],[122602.040816327,0,0],[122678.571428571,2,0],[122755.102040816,1,0],[122908.163265306,0,0],[122984.693877551,0,0],[123061.224489796,2,0],[123290.816326531,2,0],[123367.346938776,2,0],[123443.87755102,2,0],[123520.408163265,3,0],[123673.469387755,0,0],[123826.530612245,1,0],[123903.06122449,1,0],[123979.591836735,3,0],[124132.653061224,2,0],[124285.714285714,0,0],[124438.775510204,3,0],[124515.306122449,3,0],[124591.836734694,1,0],[124668.367346939,0,0],[124744.897959184,2,0],[124897.959183673,3,0],[125051.020408163,0,0]],"lengthInSteps":16,"typeOfSection":0,"mustHitSection":false},{"lengthInSteps":16,"altAnim":false,"typeOfSection":0,"sectionNotes":[],"bpm":196,"changeBPM":false,"mustHitSection":true}],"cutsceneType":"none","song":"Conquest","uiType":"normal","stage":"limo","validScore":true,"sections":0,"needsVoices":true,"gf":"gf-car","speed":2.4,"bpm":196}}