﻿<?xml version="1.0" encoding="utf-8"?>
<TextureAtlas imagePath="campaign_menu_UI_assets.png">
	<!-- Created with Adobe Animate version 20.0.0.17400 -->
	<!-- http://www.adobe.com/products/animate.html -->
	<SubTexture name="EASY0000" x="0" y="0" width="196" height="65"/>
	<SubTexture name="HARD0000" x="206" y="0" width="211" height="67"/>
	<SubTexture name="NORMAL0000" x="427" y="0" width="308" height="67"/>
	<SubTexture name="WEEK1 select0000" x="0" y="77" width="360" height="89"/>
	<SubTexture name="WEEK1 select0001" x="370" y="77" width="360" height="89"/>
	<SubTexture name="Week 3 press0000" x="0" y="176" width="358" height="89"/>
	<SubTexture name="Week 3 press0001" x="368" y="176" width="358" height="89"/>
	<SubTexture name="Week 4 press0000" x="0" y="275" width="355" height="89"/>
	<SubTexture name="Week 4 press0001" x="365" y="275" width="355" height="89"/>
	<SubTexture name="arrow left0000" x="730" y="275" width="48" height="85"/>
	<SubTexture name="arrow push left0000" x="788" y="275" width="42" height="75"/>
	<SubTexture name="arrow push right0000" x="840" y="275" width="41" height="74"/>
	<SubTexture name="arrow right0000" x="891" y="275" width="47" height="85"/>
	<SubTexture name="lock0000" x="948" y="275" width="67" height="93"/>
	<SubTexture name="tutorial selected0000" x="0" y="378" width="443" height="82"/>
	<SubTexture name="tutorial selected0001" x="453" y="378" width="443" height="82"/>
	<SubTexture name="week 50000" x="0" y="470" width="364" height="91"/>
	<SubTexture name="week 50001" x="374" y="470" width="364" height="91"/>
	<SubTexture name="week2 select0000" x="0" y="571" width="361" height="87"/>
	<SubTexture name="week2 select0001" x="371" y="571" width="361" height="87"/>
</TextureAtlas>
