﻿<?xml version="1.0" encoding="utf-8"?>
<TextureAtlas imagePath="Dad_assets.png">
	<!-- Created with Adobe Animate version 21.0.2.37893 -->
	<!-- http://www.adobe.com/products/animate.html -->
	<SubTexture name="Dad Sing Note DOWN0000" x="0" y="0" width="366" height="703" frameX="0" frameY="-2" frameWidth="366" frameHeight="706"/>
	<SubTexture name="Dad Sing Note DOWN0001" x="0" y="0" width="366" height="703" frameX="0" frameY="-2" frameWidth="366" frameHeight="706"/>
	<SubTexture name="Dad Sing Note DOWN0002" x="366" y="0" width="364" height="706" frameX="-1" frameY="0" frameWidth="366" frameHeight="706"/>
	<SubTexture name="Dad Sing Note DOWN0003" x="366" y="0" width="364" height="706" frameX="-1" frameY="0" frameWidth="366" frameHeight="706"/>
	<SubTexture name="Dad Sing Note DOWN0004" x="366" y="0" width="364" height="706" frameX="-1" frameY="0" frameWidth="366" frameHeight="706"/>
	<SubTexture name="Dad Sing Note DOWN0005" x="366" y="0" width="364" height="706" frameX="-1" frameY="0" frameWidth="366" frameHeight="706"/>
	<SubTexture name="Dad Sing Note DOWN0006" x="366" y="0" width="364" height="706" frameX="-1" frameY="0" frameWidth="366" frameHeight="706"/>
	<SubTexture name="Dad Sing Note DOWN0007" x="366" y="0" width="364" height="706" frameX="-1" frameY="0" frameWidth="366" frameHeight="706"/>
	<SubTexture name="Dad Sing Note DOWN0008" x="366" y="0" width="364" height="706" frameX="-1" frameY="0" frameWidth="366" frameHeight="706"/>
	<SubTexture name="Dad Sing Note DOWN0009" x="366" y="0" width="364" height="706" frameX="-1" frameY="0" frameWidth="366" frameHeight="706"/>
	<SubTexture name="Dad Sing Note DOWN0010" x="366" y="0" width="364" height="706" frameX="-1" frameY="0" frameWidth="366" frameHeight="706"/>
	<SubTexture name="Dad Sing Note DOWN0011" x="366" y="0" width="364" height="706" frameX="-1" frameY="0" frameWidth="366" frameHeight="706"/>
	<SubTexture name="Dad Sing Note DOWN0012" x="366" y="0" width="364" height="706" frameX="-1" frameY="0" frameWidth="366" frameHeight="706"/>
	<SubTexture name="Dad Sing Note DOWN0013" x="366" y="0" width="364" height="706" frameX="-1" frameY="0" frameWidth="366" frameHeight="706"/>
	<SubTexture name="Dad Sing Note DOWN0014" x="366" y="0" width="364" height="706" frameX="-1" frameY="0" frameWidth="366" frameHeight="706"/>
	<SubTexture name="Dad Sing Note DOWN0015" x="366" y="0" width="364" height="706" frameX="-1" frameY="0" frameWidth="366" frameHeight="706"/>
	<SubTexture name="Dad Sing Note LEFT0000" x="730" y="0" width="363" height="733" frameX="0" frameY="-5" frameWidth="363" frameHeight="739"/>
	<SubTexture name="Dad Sing Note LEFT0001" x="730" y="0" width="363" height="733" frameX="0" frameY="-5" frameWidth="363" frameHeight="739"/>
	<SubTexture name="Dad Sing Note LEFT0002" x="1093" y="0" width="357" height="739" frameX="-3" frameY="0" frameWidth="363" frameHeight="739"/>
	<SubTexture name="Dad Sing Note LEFT0003" x="1093" y="0" width="357" height="739" frameX="-3" frameY="0" frameWidth="363" frameHeight="739"/>
	<SubTexture name="Dad Sing Note LEFT0004" x="1093" y="0" width="357" height="739" frameX="-3" frameY="0" frameWidth="363" frameHeight="739"/>
	<SubTexture name="Dad Sing Note LEFT0005" x="1093" y="0" width="357" height="739" frameX="-3" frameY="0" frameWidth="363" frameHeight="739"/>
	<SubTexture name="Dad Sing Note LEFT0006" x="1093" y="0" width="357" height="739" frameX="-3" frameY="0" frameWidth="363" frameHeight="739"/>
	<SubTexture name="Dad Sing Note LEFT0007" x="1093" y="0" width="357" height="739" frameX="-3" frameY="0" frameWidth="363" frameHeight="739"/>
	<SubTexture name="Dad Sing Note LEFT0008" x="1093" y="0" width="357" height="739" frameX="-3" frameY="0" frameWidth="363" frameHeight="739"/>
	<SubTexture name="Dad Sing Note LEFT0009" x="1093" y="0" width="357" height="739" frameX="-3" frameY="0" frameWidth="363" frameHeight="739"/>
	<SubTexture name="Dad Sing Note LEFT0010" x="1093" y="0" width="357" height="739" frameX="-3" frameY="0" frameWidth="363" frameHeight="739"/>
	<SubTexture name="Dad Sing Note LEFT0011" x="1093" y="0" width="357" height="739" frameX="-3" frameY="0" frameWidth="363" frameHeight="739"/>
	<SubTexture name="Dad Sing Note LEFT0012" x="1093" y="0" width="357" height="739" frameX="-3" frameY="0" frameWidth="363" frameHeight="739"/>
	<SubTexture name="Dad Sing Note LEFT0013" x="1093" y="0" width="357" height="739" frameX="-3" frameY="0" frameWidth="363" frameHeight="739"/>
	<SubTexture name="Dad Sing Note LEFT0014" x="1093" y="0" width="357" height="739" frameX="-3" frameY="0" frameWidth="363" frameHeight="739"/>
	<SubTexture name="Dad Sing Note LEFT0015" x="1093" y="0" width="357" height="739" frameX="-3" frameY="0" frameWidth="363" frameHeight="739"/>
	<SubTexture name="Dad Sing Note LEFT0016" x="1093" y="0" width="357" height="739" frameX="-3" frameY="0" frameWidth="363" frameHeight="739"/>
	<SubTexture name="Dad Sing Note LEFT0017" x="1093" y="0" width="357" height="739" frameX="-3" frameY="0" frameWidth="363" frameHeight="739"/>
	<SubTexture name="Dad Sing Note LEFT0018" x="1093" y="0" width="357" height="739" frameX="-3" frameY="0" frameWidth="363" frameHeight="739"/>
	<SubTexture name="Dad Sing Note RIGHT0000" x="1450" y="0" width="435" height="734" frameX="0" frameY="-3" frameWidth="435" frameHeight="737"/>
	<SubTexture name="Dad Sing Note RIGHT0001" x="1450" y="0" width="435" height="734" frameX="0" frameY="-3" frameWidth="435" frameHeight="737"/>
	<SubTexture name="Dad Sing Note RIGHT0002" x="1885" y="0" width="429" height="735" frameX="-3" frameY="0" frameWidth="435" frameHeight="737"/>
	<SubTexture name="Dad Sing Note RIGHT0003" x="1885" y="0" width="429" height="735" frameX="-3" frameY="0" frameWidth="435" frameHeight="737"/>
	<SubTexture name="Dad Sing Note RIGHT0004" x="1885" y="0" width="429" height="735" frameX="-3" frameY="0" frameWidth="435" frameHeight="737"/>
	<SubTexture name="Dad Sing Note RIGHT0005" x="1885" y="0" width="429" height="735" frameX="-3" frameY="0" frameWidth="435" frameHeight="737"/>
	<SubTexture name="Dad Sing Note RIGHT0006" x="1885" y="0" width="429" height="735" frameX="-3" frameY="0" frameWidth="435" frameHeight="737"/>
	<SubTexture name="Dad Sing Note RIGHT0007" x="1885" y="0" width="429" height="735" frameX="-3" frameY="0" frameWidth="435" frameHeight="737"/>
	<SubTexture name="Dad Sing Note RIGHT0008" x="1885" y="0" width="429" height="735" frameX="-3" frameY="0" frameWidth="435" frameHeight="737"/>
	<SubTexture name="Dad Sing Note RIGHT0009" x="1885" y="0" width="429" height="735" frameX="-3" frameY="0" frameWidth="435" frameHeight="737"/>
	<SubTexture name="Dad Sing Note RIGHT0010" x="1885" y="0" width="429" height="735" frameX="-3" frameY="0" frameWidth="435" frameHeight="737"/>
	<SubTexture name="Dad Sing Note RIGHT0011" x="1885" y="0" width="429" height="735" frameX="-3" frameY="0" frameWidth="435" frameHeight="737"/>
	<SubTexture name="Dad Sing Note RIGHT0012" x="1885" y="0" width="429" height="735" frameX="-3" frameY="0" frameWidth="435" frameHeight="737"/>
	<SubTexture name="Dad Sing Note RIGHT0013" x="1885" y="0" width="429" height="735" frameX="-3" frameY="0" frameWidth="435" frameHeight="737"/>
	<SubTexture name="Dad Sing Note RIGHT0014" x="1885" y="0" width="429" height="735" frameX="-3" frameY="0" frameWidth="435" frameHeight="737"/>
	<SubTexture name="Dad Sing Note RIGHT0015" x="1885" y="0" width="429" height="735" frameX="-3" frameY="0" frameWidth="435" frameHeight="737"/>
	<SubTexture name="Dad Sing Note UP0000" x="2314" y="0" width="335" height="765"/>
	<SubTexture name="Dad Sing Note UP0001" x="2314" y="0" width="335" height="765"/>
	<SubTexture name="Dad Sing Note UP0002" x="2649" y="0" width="335" height="755" frameX="0" frameY="-6" frameWidth="335" frameHeight="765"/>
	<SubTexture name="Dad Sing Note UP0003" x="2649" y="0" width="335" height="755" frameX="0" frameY="-6" frameWidth="335" frameHeight="765"/>
	<SubTexture name="Dad Sing Note UP0004" x="2649" y="0" width="335" height="755" frameX="0" frameY="-6" frameWidth="335" frameHeight="765"/>
	<SubTexture name="Dad Sing Note UP0005" x="2649" y="0" width="335" height="755" frameX="0" frameY="-6" frameWidth="335" frameHeight="765"/>
	<SubTexture name="Dad Sing Note UP0006" x="2649" y="0" width="335" height="755" frameX="0" frameY="-6" frameWidth="335" frameHeight="765"/>
	<SubTexture name="Dad Sing Note UP0007" x="2649" y="0" width="335" height="755" frameX="0" frameY="-6" frameWidth="335" frameHeight="765"/>
	<SubTexture name="Dad Sing Note UP0008" x="2649" y="0" width="335" height="755" frameX="0" frameY="-6" frameWidth="335" frameHeight="765"/>
	<SubTexture name="Dad Sing Note UP0009" x="2649" y="0" width="335" height="755" frameX="0" frameY="-6" frameWidth="335" frameHeight="765"/>
	<SubTexture name="Dad Sing Note UP0010" x="2649" y="0" width="335" height="755" frameX="0" frameY="-6" frameWidth="335" frameHeight="765"/>
	<SubTexture name="Dad Sing Note UP0011" x="2649" y="0" width="335" height="755" frameX="0" frameY="-6" frameWidth="335" frameHeight="765"/>
	<SubTexture name="Dad Sing Note UP0012" x="2649" y="0" width="335" height="755" frameX="0" frameY="-6" frameWidth="335" frameHeight="765"/>
	<SubTexture name="Dad Sing Note UP0013" x="2649" y="0" width="335" height="755" frameX="0" frameY="-6" frameWidth="335" frameHeight="765"/>
	<SubTexture name="Dad Sing Note UP0014" x="2649" y="0" width="335" height="755" frameX="0" frameY="-6" frameWidth="335" frameHeight="765"/>
	<SubTexture name="Dad Sing Note UP0015" x="2649" y="0" width="335" height="755" frameX="0" frameY="-6" frameWidth="335" frameHeight="765"/>
	<SubTexture name="Dad Sing Note UP0016" x="2649" y="0" width="335" height="755" frameX="0" frameY="-6" frameWidth="335" frameHeight="765"/>
	<SubTexture name="Dad Sing Note UP0017" x="2649" y="0" width="335" height="755" frameX="0" frameY="-6" frameWidth="335" frameHeight="765"/>
	<SubTexture name="Dad Sing Note UP0018" x="2649" y="0" width="335" height="755" frameX="0" frameY="-6" frameWidth="335" frameHeight="765"/>
	<SubTexture name="Dad Sing Note UP0019" x="2649" y="0" width="335" height="755" frameX="0" frameY="-6" frameWidth="335" frameHeight="765"/>
	<SubTexture name="Dad Sing Note UP0020" x="2649" y="0" width="335" height="755" frameX="0" frameY="-6" frameWidth="335" frameHeight="765"/>
	<SubTexture name="Dad Sing Note UP0021" x="2649" y="0" width="335" height="755" frameX="0" frameY="-6" frameWidth="335" frameHeight="765"/>
	<SubTexture name="Dad Sing Note UP0022" x="2649" y="0" width="335" height="755" frameX="0" frameY="-6" frameWidth="335" frameHeight="765"/>
	<SubTexture name="Dad Sing Note UP0023" x="2649" y="0" width="335" height="755" frameX="0" frameY="-6" frameWidth="335" frameHeight="765"/>
	<SubTexture name="Dad Sing Note UP0024" x="2649" y="0" width="335" height="755" frameX="0" frameY="-6" frameWidth="335" frameHeight="765"/>
	<SubTexture name="Dad Sing Note UP0025" x="2649" y="0" width="335" height="755" frameX="0" frameY="-6" frameWidth="335" frameHeight="765"/>
	<SubTexture name="Dad Sing Note UP0026" x="2649" y="0" width="335" height="755" frameX="0" frameY="-6" frameWidth="335" frameHeight="765"/>
	<SubTexture name="Dad Sing Note UP0027" x="2649" y="0" width="335" height="755" frameX="0" frameY="-6" frameWidth="335" frameHeight="765"/>
	<SubTexture name="Dad Sing Note UP0028" x="2649" y="0" width="335" height="755" frameX="0" frameY="-6" frameWidth="335" frameHeight="765"/>
	<SubTexture name="Dad Sing Note UP0029" x="2649" y="0" width="335" height="755" frameX="0" frameY="-6" frameWidth="335" frameHeight="765"/>
	<SubTexture name="Dad Sing Note UP0030" x="2649" y="0" width="335" height="755" frameX="0" frameY="-6" frameWidth="335" frameHeight="765"/>
	<SubTexture name="Dad Sing Note UP0031" x="2649" y="0" width="335" height="755" frameX="0" frameY="-6" frameWidth="335" frameHeight="765"/>
	<SubTexture name="Dad Sing Note UP0032" x="2649" y="0" width="335" height="755" frameX="0" frameY="-6" frameWidth="335" frameHeight="765"/>
	<SubTexture name="Dad Sing Note UP0033" x="2649" y="0" width="335" height="755" frameX="0" frameY="-6" frameWidth="335" frameHeight="765"/>
	<SubTexture name="Dad Sing Note UP0034" x="2649" y="0" width="335" height="755" frameX="0" frameY="-6" frameWidth="335" frameHeight="765"/>
	<SubTexture name="Dad Sing Note UP0035" x="2649" y="0" width="335" height="755" frameX="0" frameY="-6" frameWidth="335" frameHeight="765"/>
	<SubTexture name="Dad Sing Note UP0036" x="2649" y="0" width="335" height="755" frameX="0" frameY="-6" frameWidth="335" frameHeight="765"/>
	<SubTexture name="Dad Sing Note UP0037" x="2649" y="0" width="335" height="755" frameX="0" frameY="-6" frameWidth="335" frameHeight="765"/>
	<SubTexture name="Dad Sing Note UP0038" x="2649" y="0" width="335" height="755" frameX="0" frameY="-6" frameWidth="335" frameHeight="765"/>
	<SubTexture name="Dad Sing Note UP0039" x="2649" y="0" width="335" height="755" frameX="0" frameY="-6" frameWidth="335" frameHeight="765"/>
	<SubTexture name="Dad Sing Note UP0040" x="2649" y="0" width="335" height="755" frameX="0" frameY="-6" frameWidth="335" frameHeight="765"/>
	<SubTexture name="Dad Sing Note UP0041" x="2649" y="0" width="335" height="755" frameX="0" frameY="-6" frameWidth="335" frameHeight="765"/>
	<SubTexture name="Dad Sing Note UP0042" x="2649" y="0" width="335" height="755" frameX="0" frameY="-6" frameWidth="335" frameHeight="765"/>
	<SubTexture name="Dad Sing Note UP0043" x="2649" y="0" width="335" height="755" frameX="0" frameY="-6" frameWidth="335" frameHeight="765"/>
	<SubTexture name="Dad Sing Note UP0044" x="2649" y="0" width="335" height="755" frameX="0" frameY="-6" frameWidth="335" frameHeight="765"/>
	<SubTexture name="Dad Sing Note UP0045" x="2649" y="0" width="335" height="755" frameX="0" frameY="-6" frameWidth="335" frameHeight="765"/>
	<SubTexture name="Dad Sing Note UP0046" x="2649" y="0" width="335" height="755" frameX="0" frameY="-6" frameWidth="335" frameHeight="765"/>
	<SubTexture name="Dad Sing Note UP0047" x="2649" y="0" width="335" height="755" frameX="0" frameY="-6" frameWidth="335" frameHeight="765"/>
	<SubTexture name="Dad Sing Note UP0048" x="2649" y="0" width="335" height="755" frameX="0" frameY="-6" frameWidth="335" frameHeight="765"/>
	<SubTexture name="Dad Sing Note UP0049" x="2649" y="0" width="335" height="755" frameX="0" frameY="-6" frameWidth="335" frameHeight="765"/>
	<SubTexture name="Dad Sing Note UP0050" x="2649" y="0" width="335" height="755" frameX="0" frameY="-6" frameWidth="335" frameHeight="765"/>
	<SubTexture name="Dad Sing Note UP0051" x="2649" y="0" width="335" height="755" frameX="0" frameY="-6" frameWidth="335" frameHeight="765"/>
	<SubTexture name="Dad Sing Note UP0052" x="2649" y="0" width="335" height="755" frameX="0" frameY="-6" frameWidth="335" frameHeight="765"/>
	<SubTexture name="Dad Sing Note UP0053" x="2649" y="0" width="335" height="755" frameX="0" frameY="-6" frameWidth="335" frameHeight="765"/>
	<SubTexture name="Dad Sing Note UP0054" x="2649" y="0" width="335" height="755" frameX="0" frameY="-6" frameWidth="335" frameHeight="765"/>
	<SubTexture name="Dad Sing Note UP0055" x="2649" y="0" width="335" height="755" frameX="0" frameY="-6" frameWidth="335" frameHeight="765"/>
	<SubTexture name="Dad Sing Note UP0056" x="2649" y="0" width="335" height="755" frameX="0" frameY="-6" frameWidth="335" frameHeight="765"/>
	<SubTexture name="Dad Sing Note UP0057" x="2649" y="0" width="335" height="755" frameX="0" frameY="-6" frameWidth="335" frameHeight="765"/>
	<SubTexture name="Dad Sing Note UP0058" x="2649" y="0" width="335" height="755" frameX="0" frameY="-6" frameWidth="335" frameHeight="765"/>
	<SubTexture name="Dad Sing Note UP0059" x="2649" y="0" width="335" height="755" frameX="0" frameY="-6" frameWidth="335" frameHeight="765"/>
	<SubTexture name="Dad idle dance0000" x="2984" y="0" width="335" height="737" frameX="0" frameY="-10" frameWidth="335" frameHeight="747"/>
	<SubTexture name="Dad idle dance0001" x="2984" y="0" width="335" height="737" frameX="0" frameY="-10" frameWidth="335" frameHeight="747"/>
	<SubTexture name="Dad idle dance0002" x="3319" y="0" width="334" height="740" frameX="-1" frameY="-7" frameWidth="335" frameHeight="747"/>
	<SubTexture name="Dad idle dance0003" x="3319" y="0" width="334" height="740" frameX="-1" frameY="-7" frameWidth="335" frameHeight="747"/>
	<SubTexture name="Dad idle dance0004" x="3653" y="0" width="329" height="747" frameX="-6" frameY="0" frameWidth="335" frameHeight="747"/>
	<SubTexture name="Dad idle dance0005" x="3653" y="0" width="329" height="747" frameX="-6" frameY="0" frameWidth="335" frameHeight="747"/>
	<SubTexture name="Dad idle dance0006" x="0" y="765" width="329" height="746" frameX="-6" frameY="-1" frameWidth="335" frameHeight="747"/>
	<SubTexture name="Dad idle dance0007" x="0" y="765" width="329" height="746" frameX="-6" frameY="-1" frameWidth="335" frameHeight="747"/>
	<SubTexture name="Dad idle dance0008" x="329" y="765" width="329" height="746" frameX="-6" frameY="-1" frameWidth="335" frameHeight="747"/>
	<SubTexture name="Dad idle dance0009" x="329" y="765" width="329" height="746" frameX="-6" frameY="-1" frameWidth="335" frameHeight="747"/>
	<SubTexture name="Dad idle dance0010" x="329" y="765" width="329" height="746" frameX="-6" frameY="-1" frameWidth="335" frameHeight="747"/>
	<SubTexture name="Dad idle dance0011" x="329" y="765" width="329" height="746" frameX="-6" frameY="-1" frameWidth="335" frameHeight="747"/>
	<SubTexture name="Dad idle dance0012" x="329" y="765" width="329" height="746" frameX="-6" frameY="-1" frameWidth="335" frameHeight="747"/>
	<SubTexture name="csmuge0000" x="658" y="765" width="329" height="746" frameX="0" frameY="-7" frameWidth="329" frameHeight="753"/>
	<SubTexture name="csmuge0001" x="658" y="765" width="329" height="746" frameX="0" frameY="-7" frameWidth="329" frameHeight="753"/>
	<SubTexture name="csmuge0002" x="987" y="765" width="329" height="750" frameX="0" frameY="-1" frameWidth="329" frameHeight="753"/>
	<SubTexture name="csmuge0003" x="987" y="765" width="329" height="750" frameX="0" frameY="-1" frameWidth="329" frameHeight="753"/>
	<SubTexture name="csmuge0004" x="1316" y="765" width="329" height="751" frameX="0" frameY="0" frameWidth="329" frameHeight="753"/>
	<SubTexture name="csmuge0005" x="1316" y="765" width="329" height="751" frameX="0" frameY="0" frameWidth="329" frameHeight="753"/>
	<SubTexture name="csmuge0006" x="1645" y="765" width="329" height="751" frameX="0" frameY="0" frameWidth="329" frameHeight="753"/>
	<SubTexture name="csmuge0007" x="1645" y="765" width="329" height="751" frameX="0" frameY="0" frameWidth="329" frameHeight="753"/>
	<SubTexture name="csmuge0008" x="1645" y="765" width="329" height="751" frameX="0" frameY="0" frameWidth="329" frameHeight="753"/>
	<SubTexture name="csmuge0009" x="1645" y="765" width="329" height="751" frameX="0" frameY="0" frameWidth="329" frameHeight="753"/>
	<SubTexture name="csmuge0010" x="1645" y="765" width="329" height="751" frameX="0" frameY="0" frameWidth="329" frameHeight="753"/>
	<SubTexture name="csmuge0011" x="1645" y="765" width="329" height="751" frameX="0" frameY="0" frameWidth="329" frameHeight="753"/>
	<SubTexture name="csmuge0012" x="1645" y="765" width="329" height="751" frameX="0" frameY="0" frameWidth="329" frameHeight="753"/>
	<SubTexture name="csmuge0013" x="1645" y="765" width="329" height="751" frameX="0" frameY="0" frameWidth="329" frameHeight="753"/>
	<SubTexture name="csmuge0014" x="1645" y="765" width="329" height="751" frameX="0" frameY="0" frameWidth="329" frameHeight="753"/>
</TextureAtlas>
