{"notes":[{"sectionNotes":[],"lengthInSteps":16,"typeOfSection":0,"altAnim":false,"changeBPM":false,"mustHitSection":false,"bpm":130},{"sectionNotes":[],"lengthInSteps":16,"typeOfSection":0,"altAnim":false,"changeBPM":false,"mustHitSection":true,"bpm":130},{"sectionNotes":[],"lengthInSteps":16,"typeOfSection":0,"altAnim":false,"changeBPM":false,"mustHitSection":false,"bpm":130},{"sectionNotes":[],"lengthInSteps":16,"typeOfSection":0,"altAnim":false,"changeBPM":false,"mustHitSection":false,"bpm":130},{"sectionNotes":[],"lengthInSteps":16,"typeOfSection":0,"altAnim":false,"changeBPM":false,"mustHitSection":true,"bpm":130},{"sectionNotes":[],"lengthInSteps":16,"typeOfSection":0,"altAnim":false,"changeBPM":false,"mustHitSection":true,"bpm":130},{"sectionNotes":[],"lengthInSteps":16,"typeOfSection":0,"altAnim":false,"changeBPM":false,"mustHitSection":false,"bpm":130},{"sectionNotes":[],"lengthInSteps":16,"typeOfSection":0,"altAnim":false,"changeBPM":false,"mustHitSection":false,"bpm":130},{"sectionNotes":[],"lengthInSteps":16,"typeOfSection":0,"altAnim":false,"changeBPM":false,"mustHitSection":true,"bpm":130},{"sectionNotes":[],"lengthInSteps":16,"typeOfSection":0,"altAnim":false,"changeBPM":false,"mustHitSection":true,"bpm":130},{"sectionNotes":[],"lengthInSteps":16,"typeOfSection":0,"altAnim":false,"changeBPM":false,"mustHitSection":false,"bpm":130},{"sectionNotes":[],"lengthInSteps":16,"typeOfSection":0,"altAnim":false,"changeBPM":false,"mustHitSection":true,"bpm":130},{"sectionNotes":[],"lengthInSteps":16,"typeOfSection":0,"altAnim":false,"changeBPM":false,"mustHitSection":false,"bpm":130},{"sectionNotes":[],"lengthInSteps":16,"typeOfSection":0,"altAnim":false,"changeBPM":false,"mustHitSection":true,"bpm":130},{"sectionNotes":[],"lengthInSteps":16,"typeOfSection":0,"altAnim":false,"changeBPM":false,"mustHitSection":false,"bpm":130},{"sectionNotes":[],"lengthInSteps":16,"typeOfSection":0,"altAnim":false,"changeBPM":false,"mustHitSection":false,"bpm":130},{"sectionNotes":[],"lengthInSteps":16,"typeOfSection":0,"altAnim":false,"changeBPM":false,"mustHitSection":true,"bpm":130},{"sectionNotes":[],"lengthInSteps":16,"typeOfSection":0,"altAnim":false,"changeBPM":false,"mustHitSection":true,"bpm":130},{"sectionNotes":[],"lengthInSteps":16,"typeOfSection":0,"altAnim":false,"changeBPM":false,"mustHitSection":false,"bpm":130},{"sectionNotes":[],"lengthInSteps":16,"typeOfSection":0,"altAnim":false,"changeBPM":false,"mustHitSection":false,"bpm":130},{"sectionNotes":[],"lengthInSteps":16,"typeOfSection":0,"altAnim":false,"changeBPM":false,"mustHitSection":true,"bpm":130},{"sectionNotes":[],"lengthInSteps":16,"typeOfSection":0,"altAnim":false,"changeBPM":false,"mustHitSection":true,"bpm":130},{"sectionNotes":[],"lengthInSteps":16,"typeOfSection":0,"altAnim":false,"changeBPM":false,"mustHitSection":false,"bpm":130},{"sectionNotes":[],"lengthInSteps":16,"typeOfSection":0,"altAnim":false,"changeBPM":false,"mustHitSection":false,"bpm":130},{"sectionNotes":[],"lengthInSteps":16,"typeOfSection":0,"altAnim":false,"changeBPM":false,"mustHitSection":true,"bpm":130},{"sectionNotes":[],"lengthInSteps":16,"typeOfSection":0,"altAnim":false,"changeBPM":false,"mustHitSection":true,"bpm":130},{"sectionNotes":[],"lengthInSteps":16,"typeOfSection":0,"altAnim":false,"changeBPM":false,"mustHitSection":false,"bpm":130},{"sectionNotes":[],"lengthInSteps":16,"typeOfSection":0,"altAnim":false,"changeBPM":false,"mustHitSection":true,"bpm":130},{"sectionNotes":[],"lengthInSteps":16,"typeOfSection":0,"altAnim":false,"changeBPM":false,"mustHitSection":false,"bpm":130},{"sectionNotes":[],"lengthInSteps":16,"typeOfSection":0,"altAnim":false,"changeBPM":false,"mustHitSection":true,"bpm":130},{"sectionNotes":[],"lengthInSteps":16,"typeOfSection":0,"altAnim":false,"changeBPM":false,"mustHitSection":false,"bpm":130},{"sectionNotes":[],"lengthInSteps":16,"typeOfSection":0,"altAnim":false,"changeBPM":false,"mustHitSection":false,"bpm":130},{"sectionNotes":[],"lengthInSteps":16,"typeOfSection":0,"altAnim":false,"changeBPM":false,"mustHitSection":true,"bpm":130},{"sectionNotes":[],"lengthInSteps":16,"typeOfSection":0,"altAnim":false,"changeBPM":false,"mustHitSection":true,"bpm":130},{"sectionNotes":[],"lengthInSteps":16,"typeOfSection":0,"altAnim":false,"changeBPM":false,"mustHitSection":false,"bpm":130},{"sectionNotes":[],"lengthInSteps":16,"typeOfSection":0,"altAnim":false,"changeBPM":false,"mustHitSection":false,"bpm":130},{"sectionNotes":[],"lengthInSteps":16,"typeOfSection":0,"altAnim":false,"changeBPM":false,"mustHitSection":true,"bpm":130},{"sectionNotes":[],"lengthInSteps":16,"typeOfSection":0,"altAnim":false,"changeBPM":false,"mustHitSection":true,"bpm":130},{"sectionNotes":[],"lengthInSteps":16,"typeOfSection":0,"altAnim":false,"changeBPM":false,"mustHitSection":false,"bpm":130},{"sectionNotes":[],"lengthInSteps":16,"typeOfSection":0,"altAnim":false,"changeBPM":false,"mustHitSection":true,"bpm":130},{"sectionNotes":[],"lengthInSteps":16,"typeOfSection":0,"altAnim":false,"changeBPM":false,"mustHitSection":true,"bpm":130},{"sectionNotes":[],"lengthInSteps":16,"typeOfSection":0,"altAnim":false,"changeBPM":false,"mustHitSection":true,"bpm":130},{"sectionNotes":[],"lengthInSteps":16,"typeOfSection":0,"altAnim":false,"changeBPM":false,"mustHitSection":true,"bpm":130},{"sectionNotes":[[1846.15384615385,3,0],[2076.92307692308,3,0],[2307.69230769231,3,0],[2423.07692307692,0,0],[2538.46153846154,3,0],[2653.84615384615,0,0],[2884.61538461538,3,0],[3000,0,0],[3230.76923076923,3,0],[3346.15384615385,0,0],[3461.53846153846,3,0],[3576.92307692308,0,0],[7615.38461538462,3,0],[7730.76923076923,2,0],[7846.15384615385,0,0],[8076.92307692308,3,0],[8192.30769230769,0,0],[8423.07692307692,1,0],[8653.84615384615,2,0],[8769.23076923077,3,0],[8884.61538461538,2,0],[9000,0,0],[9115.38461538462,1,0],[9346.15384615385,3,0],[9461.53846153846,0,0],[9692.30769230769,3,0],[9923.07692307692,2,0],[10038.4615384615,0,0],[10269.2307692308,3,0],[10384.6153846154,3,0],[10500,2,0],[10615.3846153846,3,0],[10730.7692307692,1,0],[10846.1538461538,0,0],[10961.5384615385,1,0],[11076.9230769231,2,231],[11307.6923076923,3,0],[11423.0769230769,0,0],[15000,1,0],[15115.3846153846,0,0],[15230.7692307692,3,0],[15346.1538461538,3,0],[15461.5384615385,0,0],[15576.9230769231,2,0],[15692.3076923077,1,231],[15923.0769230769,3,0],[16038.4615384615,0,0],[16153.8461538462,3,0],[16269.2307692308,2,0],[16384.6153846154,2,0],[16615.3846153846,0,346],[16961.5384615385,3,0],[17192.3076923077,0,0],[17307.6923076923,2,0],[17423.0769230769,3,0],[17538.4615384615,1,231],[17769.2307692308,3,0],[17884.6153846154,0,0],[18000,1,0],[18115.3846153846,0,0],[18230.7692307692,3,0],[18346.1538461538,3,0],[18461.5384615385,2,462],[18923.0769230769,1,0],[19038.4615384615,0,0],[19153.8461538462,2,0],[19269.2307692308,0,0],[19384.6153846154,3,0],[19500,0,0],[19615.3846153846,2,0],[19730.7692307692,0,0],[19846.1538461538,1,0],[19961.5384615385,0,0],[20076.9230769231,2,0],[20192.3076923077,0,0],[20307.6923076923,3,462],[20769.2307692308,1,0],[20884.6153846154,0,0],[21000,3,0],[21115.3846153846,2,0],[21230.7692307692,3,0],[21461.5384615385,1,0],[21692.3076923077,0,0],[21923.0769230769,2,0],[22153.8461538462,3,0],[22384.6153846154,3,0],[22615.3846153846,0,0],[22961.5384615385,2,0],[23192.3076923077,2,0],[23307.6923076923,2,0],[23538.4615384615,1,462],[24000,0,462],[24461.5384615385,1,462],[24923.0769230769,2,462],[25384.6153846154,3,0],[25615.3846153846,0,0],[25730.7692307692,0,0],[25846.1538461538,3,462],[29538.4615384615,0,0],[29653.8461538462,2,0],[29769.2307692308,0,0],[29884.6153846154,2,0],[30000,3,0],[30115.3846153846,0,0],[30230.7692307692,1,0],[30346.1538461538,1,0],[30461.5384615385,0,0],[30576.9230769231,3,0],[30692.3076923077,1,0],[30807.6923076923,1,0],[30923.0769230769,3,0],[31038.4615384615,0,0],[31153.8461538462,3,0],[31269.2307692308,2,0],[31500,1,0],[31615.3846153846,3,0],[31730.7692307692,1,0],[31846.1538461538,0,0],[31961.5384615385,0,0],[32076.9230769231,3,0],[32192.3076923077,0,0],[32307.6923076923,3,0],[32423.0769230769,2,0],[32538.4615384615,1,0],[32653.8461538462,0,0],[32769.2307692308,1,0],[32884.6153846154,0,0],[33000,2,0],[33115.3846153846,3,0],[33230.7692307692,2,0],[33346.1538461539,3,0],[33461.5384615385,0,0],[36923.0769230769,3,0],[37153.8461538462,0,0],[37269.2307692308,1,0],[37384.6153846154,2,0],[37500,1,0],[37615.3846153846,3,0],[37730.7692307692,1,0],[37846.1538461539,3,0],[37961.5384615385,0,0],[38076.9230769231,3,0],[38192.3076923077,2,0],[38307.6923076923,3,0],[38423.0769230769,1,0],[38538.4615384615,3,0],[38653.8461538462,0,0],[38884.6153846154,3,0],[39000,3,0],[39115.3846153846,0,0],[39230.7692307692,1,0],[39461.5384615385,0,0],[39692.3076923077,3,0],[39807.6923076923,2,0],[39923.0769230769,1,0],[40038.4615384615,0,0],[40153.8461538462,2,0],[40269.2307692308,1,0],[40384.6153846154,0,0],[40500,1,0],[44423.0769230769,1,0],[44538.4615384615,1,0],[44653.8461538462,0,0],[44769.2307692308,3,0],[44884.6153846154,1,0],[45000,2,0],[45115.3846153846,0,0],[45230.7692307692,2,0],[45346.1538461539,1,0],[45461.5384615385,2,0],[45692.3076923077,1,0],[45807.6923076923,0,0],[45923.0769230769,3,0],[46269.2307692308,1,0],[46384.6153846154,0,0],[46500,3,0],[46615.3846153846,0,0],[46730.7692307692,2,0],[46846.1538461539,3,0],[46961.5384615385,3,0],[47076.9230769231,2,0],[47307.6923076923,1,0],[47423.0769230769,0,0],[47538.4615384615,3,0],[47769.2307692308,0,0],[48000,2,462],[48461.5384615385,1,0],[48576.9230769231,0,0],[48692.3076923077,2,0],[48807.6923076923,0,0],[48923.0769230769,3,0],[49038.4615384615,0,0],[49153.8461538462,2,0],[49269.2307692308,0,0],[49384.6153846154,1,0],[49500,0,0],[49615.3846153846,2,0],[49730.7692307692,0,0],[49846.1538461539,3,462],[50307.6923076923,1,0],[50423.0769230769,0,0],[50538.4615384615,3,0],[50653.8461538462,2,0],[50769.2307692308,3,0],[51000,1,0],[51230.7692307692,0,0],[51461.5384615385,2,0],[51692.3076923077,3,0],[51923.0769230769,3,0],[52153.8461538462,0,0],[52500,2,0],[52730.7692307692,2,0],[52846.1538461539,2,0],[53076.9230769231,1,462],[53538.4615384615,0,462],[54000,1,462],[54461.5384615385,2,462],[54923.0769230769,3,0],[55153.8461538462,0,0],[55269.2307692308,0,0],[55384.6153846154,3,462],[59076.9230769231,0,0],[59192.3076923077,2,0],[59307.6923076923,0,0],[59423.0769230769,2,0],[59538.4615384615,3,0],[59653.8461538462,0,0],[59769.2307692308,1,0],[59884.6153846154,1,0],[60000,0,0],[60115.3846153846,3,0],[60230.7692307692,1,0],[60346.1538461539,1,0],[60461.5384615385,3,0],[60576.9230769231,0,0],[60692.3076923077,3,0],[60807.6923076923,2,0],[61038.4615384615,1,0],[61153.8461538462,3,0],[61269.2307692308,1,0],[61384.6153846154,0,0],[61500,0,0],[61615.3846153846,3,0],[61730.7692307692,0,0],[61846.1538461539,0,0],[61903.8461538462,3,0],[61961.5384615385,2,0],[62076.9230769231,1,0],[62192.3076923077,1,0],[62307.6923076923,0,0],[62365.3846153846,3,0],[62423.0769230769,2,0],[62538.4615384615,1,0],[62653.8461538462,1,0],[62769.2307692308,0,0],[63000,0,0],[63230.7692307692,3,346],[63576.9230769231,1,577],[64153.8461538462,2,0],[64384.6153846154,2,0],[64500,2,0],[64615.3846153846,0,0],[64846.1538461539,0,0],[65076.9230769231,3,346],[65423.0769230769,1,577],[66000,1,0],[66115.3846153846,0,0],[66230.7692307692,3,0],[66346.1538461538,2,0],[66461.5384615385,0,0],[66576.9230769231,2,0],[66692.3076923077,0,0],[66807.6923076923,2,0],[66923.0769230769,3,0],[67038.4615384615,1,0],[67153.8461538462,1,0],[67269.2307692308,1,0],[67384.6153846154,0,0],[67500,3,0],[67615.3846153846,1,0],[67730.7692307692,1,0],[67846.1538461538,2,0],[67961.5384615385,0,0],[68076.9230769231,3,0],[68192.3076923077,2,0],[68423.0769230769,1,0],[68538.4615384615,3,0],[68653.8461538462,0,0],[68769.2307692308,1,0],[68884.6153846154,0,0],[69000,3,0],[69115.3846153846,0,0],[69230.7692307692,3,0],[69346.1538461538,2,0],[69461.5384615385,1,0],[69576.9230769231,0,0],[69692.3076923077,2,0],[69807.6923076923,1,0],[69923.0769230769,0,0],[70038.4615384615,3,0],[70153.8461538462,1,923],[72115.3846153846,3,0],[72230.7692307692,0,0],[72461.5384615385,3,0],[72692.3076923077,2,0],[72807.6923076923,0,0],[73038.4615384615,3,0],[73153.8461538462,3,0],[73269.2307692308,2,0],[73384.6153846154,3,0],[73500,1,0],[73615.3846153846,0,0],[73730.7692307692,1,0],[73846.1538461538,2,692]],"lengthInSteps":16,"typeOfSection":0,"mustHitSection":true},{"sectionNotes":[[0,0,0],[230.769230769231,0,0],[461.538461538462,0,0],[576.923076923077,3,0],[692.307692307692,0,0],[807.692307692308,3,0],[1038.46153846154,0,0],[1153.84615384615,3,0],[1384.61538461538,0,0],[1500,3,0],[1615.38461538462,0,0],[1730.76923076923,3,0],[3923.07692307692,3,0],[4038.46153846154,2,0],[4153.84615384615,0,0],[4384.61538461538,3,0],[4500,0,0],[4730.76923076923,1,0],[4961.53846153846,2,0],[5076.92307692308,3,0],[5192.30769230769,2,0],[5307.69230769231,0,0],[5423.07692307692,1,0],[5653.84615384615,3,0],[5769.23076923077,0,0],[6000,3,0],[6230.76923076923,2,0],[6346.15384615385,0,0],[6576.92307692308,3,0],[6692.30769230769,3,0],[6807.69230769231,2,0],[6923.07692307692,3,0],[7038.46153846154,1,0],[7153.84615384615,0,0],[7269.23076923077,1,0],[7384.61538461538,2,231],[7615.38461538462,3,0],[7730.76923076923,0,0],[11307.6923076923,1,0],[11423.0769230769,0,0],[11538.4615384615,3,0],[11653.8461538462,3,0],[11769.2307692308,0,0],[11884.6153846154,2,0],[12000,1,231],[12230.7692307692,3,0],[12346.1538461538,0,0],[12461.5384615385,3,0],[12576.9230769231,2,0],[12692.3076923077,2,0],[12923.0769230769,0,346],[13269.2307692308,3,0],[13500,0,0],[13615.3846153846,2,0],[13730.7692307692,3,0],[13846.1538461538,1,231],[14076.9230769231,3,0],[14192.3076923077,0,0],[14307.6923076923,1,0],[14423.0769230769,0,0],[14538.4615384615,3,0],[14653.8461538462,3,0],[14769.2307692308,0,462],[18461.5384615385,3,462],[18923.0769230769,1,0],[19038.4615384615,0,0],[19153.8461538462,2,0],[19269.2307692308,0,0],[19384.6153846154,3,0],[19500,0,0],[19615.3846153846,2,0],[19730.7692307692,0,0],[19846.1538461538,1,0],[19961.5384615385,0,0],[20076.9230769231,2,0],[20192.3076923077,0,0],[20307.6923076923,0,462],[20769.2307692308,1,0],[20884.6153846154,0,0],[21000,3,0],[21115.3846153846,2,0],[21230.7692307692,3,0],[21461.5384615385,1,0],[21692.3076923077,0,0],[21923.0769230769,2,0],[22153.8461538462,0,0],[22384.6153846154,0,0],[22615.3846153846,3,0],[22961.5384615385,1,0],[23192.3076923077,1,0],[23307.6923076923,1,0],[23538.4615384615,2,462],[24000,0,462],[24461.5384615385,1,462],[24923.0769230769,2,462],[25384.6153846154,3,0],[25615.3846153846,1,0],[25730.7692307692,1,0],[25846.1538461538,0,0],[25961.5384615385,2,0],[26076.9230769231,0,0],[26192.3076923077,2,0],[26307.6923076923,3,0],[26423.0769230769,0,0],[26538.4615384615,1,0],[26653.8461538462,1,0],[26769.2307692308,0,0],[26884.6153846154,3,0],[27000,1,0],[27115.3846153846,1,0],[27230.7692307692,3,0],[27346.1538461538,0,0],[27461.5384615385,3,0],[27576.9230769231,2,0],[27807.6923076923,1,0],[27923.0769230769,3,0],[28038.4615384615,1,0],[28153.8461538462,0,0],[28269.2307692308,0,0],[28384.6153846154,3,0],[28500,0,0],[28615.3846153846,3,0],[28730.7692307692,2,0],[28846.1538461538,1,0],[28961.5384615385,0,0],[29076.9230769231,1,0],[29192.3076923077,0,0],[29307.6923076923,2,0],[29423.0769230769,3,0],[29538.4615384615,2,0],[29653.8461538462,1,0],[29769.2307692308,0,0],[32769.2307692308,0,0],[32884.6153846154,0,0],[33000,0,0],[33115.3846153846,0,0],[33230.7692307692,3,0],[33461.5384615385,0,0],[33576.9230769231,1,0],[33692.3076923077,2,0],[33807.6923076923,1,0],[33923.0769230769,3,0],[34038.4615384615,1,0],[34153.8461538462,3,0],[34269.2307692308,0,0],[34384.6153846154,3,0],[34500,2,0],[34615.3846153846,3,0],[34730.7692307692,1,0],[34846.1538461539,3,0],[34961.5384615385,0,0],[35192.3076923077,3,0],[35307.6923076923,3,0],[35423.0769230769,0,0],[35538.4615384615,1,0],[35769.2307692308,0,0],[36000,3,0],[36115.3846153846,2,0],[36230.7692307692,1,0],[36346.1538461539,0,0],[36461.5384615385,2,0],[36576.9230769231,1,0],[36692.3076923077,0,0],[36807.6923076923,1,0],[40730.7692307692,1,0],[40846.1538461539,1,0],[40961.5384615385,0,0],[41076.9230769231,3,0],[41192.3076923077,1,0],[41307.6923076923,2,0],[41423.0769230769,0,0],[41538.4615384615,2,0],[41653.8461538462,1,0],[41769.2307692308,2,0],[42000,1,0],[42115.3846153846,0,0],[42230.7692307692,3,0],[42576.9230769231,1,0],[42692.3076923077,0,0],[42807.6923076923,3,0],[42923.0769230769,0,0],[43038.4615384615,2,0],[43153.8461538462,3,0],[43269.2307692308,3,0],[43384.6153846154,2,0],[43615.3846153846,1,0],[43730.7692307692,0,0],[43846.1538461539,3,0],[44076.9230769231,0,0],[44307.6923076923,3,462],[48000,3,462],[48461.5384615385,1,0],[48576.9230769231,0,0],[48692.3076923077,2,0],[48807.6923076923,0,0],[48923.0769230769,3,0],[49038.4615384615,0,0],[49153.8461538462,2,0],[49269.2307692308,0,0],[49384.6153846154,1,0],[49500,0,0],[49615.3846153846,2,0],[49730.7692307692,0,0],[49846.1538461539,0,462],[50307.6923076923,1,0],[50423.0769230769,0,0],[50538.4615384615,3,0],[50653.8461538462,2,0],[50769.2307692308,3,0],[51000,1,0],[51230.7692307692,0,0],[51461.5384615385,2,0],[51692.3076923077,0,0],[51923.0769230769,0,0],[52153.8461538462,3,0],[52500,1,0],[52730.7692307692,1,0],[52846.1538461539,1,0],[53076.9230769231,2,462],[53538.4615384615,0,462],[54000,1,462],[54461.5384615385,2,462],[54923.0769230769,3,0],[55153.8461538462,1,0],[55269.2307692308,1,0],[55384.6153846154,0,0],[55500,2,0],[55615.3846153846,0,0],[55730.7692307692,2,0],[55846.1538461539,3,0],[55961.5384615385,0,0],[56076.9230769231,1,0],[56192.3076923077,1,0],[56307.6923076923,0,0],[56423.0769230769,3,0],[56538.4615384615,1,0],[56653.8461538462,1,0],[56769.2307692308,3,0],[56884.6153846154,0,0],[57000,3,0],[57115.3846153846,2,0],[57346.1538461539,1,0],[57461.5384615385,3,0],[57576.9230769231,1,0],[57692.3076923077,0,0],[57807.6923076923,0,0],[57923.0769230769,3,0],[58038.4615384615,0,0],[58153.8461538462,3,0],[58269.2307692308,2,0],[58384.6153846154,1,0],[58500,0,0],[58615.3846153846,1,0],[58730.7692307692,0,0],[58846.1538461539,2,0],[58961.5384615385,3,0],[59076.9230769231,0,0],[59307.6923076923,0,0],[59538.4615384615,3,346],[59884.6153846154,1,577],[60461.5384615385,2,0],[60692.3076923077,2,0],[60807.6923076923,2,0],[60923.0769230769,1,0],[61153.8461538462,1,0],[61384.6153846154,3,462],[62769.2307692308,0,0],[62884.6153846154,2,0],[63000,0,0],[63115.3846153846,2,0],[63230.7692307692,3,0],[63346.1538461539,0,0],[63461.5384615385,1,0],[63576.9230769231,1,0],[63692.3076923077,0,0],[63807.6923076923,3,0],[63923.0769230769,1,0],[64038.4615384615,1,0],[64153.8461538462,3,0],[64269.2307692308,0,0],[64384.6153846154,3,0],[64500,2,0],[64730.7692307692,1,0],[64846.1538461539,3,0],[64961.5384615385,1,0],[65076.9230769231,0,0],[65192.3076923077,0,0],[65307.6923076923,3,0],[65423.0769230769,0,0],[65538.4615384615,3,0],[65653.8461538462,2,0],[65769.2307692308,1,0],[65884.6153846154,0,0],[66000,1,0],[66115.3846153846,0,0],[66230.7692307692,2,0],[66346.1538461538,3,0],[70384.6153846154,3,0],[70500,2,0],[70615.3846153846,0,0],[70846.1538461538,3,0],[70961.5384615385,0,0],[71192.3076923077,1,0],[71423.0769230769,2,0],[71538.4615384615,3,0],[71653.8461538462,2,0],[71769.2307692308,0,0],[71884.6153846154,1,0]],"lengthInSteps":16,"typeOfSection":0,"mustHitSection":false},{"lengthInSteps":16,"altAnim":false,"typeOfSection":0,"sectionNotes":[],"bpm":130,"changeBPM":false,"mustHitSection":true}],"sections":46,"bpm":130,"song":{"isMoody":false,"sectionLengths":[],"player1":"bf-car","player2":"sam","notes":[{"sectionNotes":[],"lengthInSteps":16,"typeOfSection":0,"altAnim":false,"changeBPM":false,"mustHitSection":false,"bpm":130},{"sectionNotes":[],"lengthInSteps":16,"typeOfSection":0,"altAnim":false,"changeBPM":false,"mustHitSection":true,"bpm":130},{"sectionNotes":[],"lengthInSteps":16,"typeOfSection":0,"altAnim":false,"changeBPM":false,"mustHitSection":false,"bpm":130},{"sectionNotes":[],"lengthInSteps":16,"typeOfSection":0,"altAnim":false,"changeBPM":false,"mustHitSection":false,"bpm":130},{"sectionNotes":[],"lengthInSteps":16,"typeOfSection":0,"altAnim":false,"changeBPM":false,"mustHitSection":true,"bpm":130},{"sectionNotes":[],"lengthInSteps":16,"typeOfSection":0,"altAnim":false,"changeBPM":false,"mustHitSection":true,"bpm":130},{"sectionNotes":[],"lengthInSteps":16,"typeOfSection":0,"altAnim":false,"changeBPM":false,"mustHitSection":false,"bpm":130},{"sectionNotes":[],"lengthInSteps":16,"typeOfSection":0,"altAnim":false,"changeBPM":false,"mustHitSection":false,"bpm":130},{"sectionNotes":[],"lengthInSteps":16,"typeOfSection":0,"altAnim":false,"changeBPM":false,"mustHitSection":true,"bpm":130},{"sectionNotes":[],"lengthInSteps":16,"typeOfSection":0,"altAnim":false,"changeBPM":false,"mustHitSection":true,"bpm":130},{"sectionNotes":[],"lengthInSteps":16,"typeOfSection":0,"altAnim":false,"changeBPM":false,"mustHitSection":false,"bpm":130},{"sectionNotes":[],"lengthInSteps":16,"typeOfSection":0,"altAnim":false,"changeBPM":false,"mustHitSection":true,"bpm":130},{"sectionNotes":[],"lengthInSteps":16,"typeOfSection":0,"altAnim":false,"changeBPM":false,"mustHitSection":false,"bpm":130},{"sectionNotes":[],"lengthInSteps":16,"typeOfSection":0,"altAnim":false,"changeBPM":false,"mustHitSection":true,"bpm":130},{"sectionNotes":[],"lengthInSteps":16,"typeOfSection":0,"altAnim":false,"changeBPM":false,"mustHitSection":false,"bpm":130},{"sectionNotes":[],"lengthInSteps":16,"typeOfSection":0,"altAnim":false,"changeBPM":false,"mustHitSection":false,"bpm":130},{"sectionNotes":[],"lengthInSteps":16,"typeOfSection":0,"altAnim":false,"changeBPM":false,"mustHitSection":true,"bpm":130},{"sectionNotes":[],"lengthInSteps":16,"typeOfSection":0,"altAnim":false,"changeBPM":false,"mustHitSection":true,"bpm":130},{"sectionNotes":[],"lengthInSteps":16,"typeOfSection":0,"altAnim":false,"changeBPM":false,"mustHitSection":false,"bpm":130},{"sectionNotes":[],"lengthInSteps":16,"typeOfSection":0,"altAnim":false,"changeBPM":false,"mustHitSection":false,"bpm":130},{"sectionNotes":[],"lengthInSteps":16,"typeOfSection":0,"altAnim":false,"changeBPM":false,"mustHitSection":true,"bpm":130},{"sectionNotes":[],"lengthInSteps":16,"typeOfSection":0,"altAnim":false,"changeBPM":false,"mustHitSection":true,"bpm":130},{"sectionNotes":[],"lengthInSteps":16,"typeOfSection":0,"altAnim":false,"changeBPM":false,"mustHitSection":false,"bpm":130},{"sectionNotes":[],"lengthInSteps":16,"typeOfSection":0,"altAnim":false,"changeBPM":false,"mustHitSection":false,"bpm":130},{"sectionNotes":[],"lengthInSteps":16,"typeOfSection":0,"altAnim":false,"changeBPM":false,"mustHitSection":true,"bpm":130},{"sectionNotes":[],"lengthInSteps":16,"typeOfSection":0,"altAnim":false,"changeBPM":false,"mustHitSection":true,"bpm":130},{"sectionNotes":[],"lengthInSteps":16,"typeOfSection":0,"altAnim":false,"changeBPM":false,"mustHitSection":false,"bpm":130},{"sectionNotes":[],"lengthInSteps":16,"typeOfSection":0,"altAnim":false,"changeBPM":false,"mustHitSection":true,"bpm":130},{"sectionNotes":[],"lengthInSteps":16,"typeOfSection":0,"altAnim":false,"changeBPM":false,"mustHitSection":false,"bpm":130},{"sectionNotes":[],"lengthInSteps":16,"typeOfSection":0,"altAnim":false,"changeBPM":false,"mustHitSection":true,"bpm":130},{"sectionNotes":[],"lengthInSteps":16,"typeOfSection":0,"altAnim":false,"changeBPM":false,"mustHitSection":false,"bpm":130},{"sectionNotes":[],"lengthInSteps":16,"typeOfSection":0,"altAnim":false,"changeBPM":false,"mustHitSection":false,"bpm":130},{"sectionNotes":[],"lengthInSteps":16,"typeOfSection":0,"altAnim":false,"changeBPM":false,"mustHitSection":true,"bpm":130},{"sectionNotes":[],"lengthInSteps":16,"typeOfSection":0,"altAnim":false,"changeBPM":false,"mustHitSection":true,"bpm":130},{"sectionNotes":[],"lengthInSteps":16,"typeOfSection":0,"altAnim":false,"changeBPM":false,"mustHitSection":false,"bpm":130},{"sectionNotes":[],"lengthInSteps":16,"typeOfSection":0,"altAnim":false,"changeBPM":false,"mustHitSection":false,"bpm":130},{"sectionNotes":[],"lengthInSteps":16,"typeOfSection":0,"altAnim":false,"changeBPM":false,"mustHitSection":true,"bpm":130},{"sectionNotes":[],"lengthInSteps":16,"typeOfSection":0,"altAnim":false,"changeBPM":false,"mustHitSection":true,"bpm":130},{"sectionNotes":[],"lengthInSteps":16,"typeOfSection":0,"altAnim":false,"changeBPM":false,"mustHitSection":false,"bpm":130},{"sectionNotes":[],"lengthInSteps":16,"typeOfSection":0,"altAnim":false,"changeBPM":false,"mustHitSection":true,"bpm":130},{"sectionNotes":[],"lengthInSteps":16,"typeOfSection":0,"altAnim":false,"changeBPM":false,"mustHitSection":true,"bpm":130},{"sectionNotes":[],"lengthInSteps":16,"typeOfSection":0,"altAnim":false,"changeBPM":false,"mustHitSection":true,"bpm":130},{"sectionNotes":[],"lengthInSteps":16,"typeOfSection":0,"altAnim":false,"changeBPM":false,"mustHitSection":true,"bpm":130},{"sectionNotes":[[1846.15384615385,3,0],[2076.92307692308,3,0],[2307.69230769231,3,0],[2423.07692307692,0,0],[2538.46153846154,3,0],[2653.84615384615,0,0],[2884.61538461538,3,0],[3000,0,0],[3230.76923076923,3,0],[3346.15384615385,0,0],[3461.53846153846,3,0],[3576.92307692308,0,0],[7615.38461538462,3,0],[7730.76923076923,2,0],[7846.15384615385,0,0],[8076.92307692308,3,0],[8192.30769230769,0,0],[8423.07692307692,1,0],[8653.84615384615,2,0],[8769.23076923077,3,0],[8884.61538461538,2,0],[9000,0,0],[9115.38461538462,1,0],[9346.15384615385,3,0],[9461.53846153846,0,0],[9692.30769230769,3,0],[9923.07692307692,2,0],[10038.4615384615,0,0],[10269.2307692308,3,0],[10384.6153846154,3,0],[10500,2,0],[10615.3846153846,3,0],[10730.7692307692,1,0],[10846.1538461538,0,0],[10961.5384615385,1,0],[11076.9230769231,2,231],[11307.6923076923,3,0],[11423.0769230769,0,0],[15000,1,0],[15115.3846153846,0,0],[15230.7692307692,3,0],[15346.1538461538,3,0],[15461.5384615385,0,0],[15576.9230769231,2,0],[15692.3076923077,1,231],[15923.0769230769,3,0],[16038.4615384615,0,0],[16153.8461538462,3,0],[16269.2307692308,2,0],[16384.6153846154,2,0],[16615.3846153846,0,346],[16961.5384615385,3,0],[17192.3076923077,0,0],[17307.6923076923,2,0],[17423.0769230769,3,0],[17538.4615384615,1,231],[17769.2307692308,3,0],[17884.6153846154,0,0],[18000,1,0],[18115.3846153846,0,0],[18230.7692307692,3,0],[18346.1538461538,3,0],[18461.5384615385,2,462],[18923.0769230769,1,0],[19038.4615384615,0,0],[19153.8461538462,2,0],[19269.2307692308,0,0],[19384.6153846154,3,0],[19500,0,0],[19615.3846153846,2,0],[19730.7692307692,0,0],[19846.1538461538,1,0],[19961.5384615385,0,0],[20076.9230769231,2,0],[20192.3076923077,0,0],[20307.6923076923,3,462],[20769.2307692308,1,0],[20884.6153846154,0,0],[21000,3,0],[21115.3846153846,2,0],[21230.7692307692,3,0],[21461.5384615385,1,0],[21692.3076923077,0,0],[21923.0769230769,2,0],[22153.8461538462,3,0],[22384.6153846154,3,0],[22615.3846153846,0,0],[22961.5384615385,2,0],[23192.3076923077,2,0],[23307.6923076923,2,0],[23538.4615384615,1,462],[24000,0,462],[24461.5384615385,1,462],[24923.0769230769,2,462],[25384.6153846154,3,0],[25615.3846153846,0,0],[25730.7692307692,0,0],[25846.1538461538,3,462],[29538.4615384615,0,0],[29653.8461538462,2,0],[29769.2307692308,0,0],[29884.6153846154,2,0],[30000,3,0],[30115.3846153846,0,0],[30230.7692307692,1,0],[30346.1538461538,1,0],[30461.5384615385,0,0],[30576.9230769231,3,0],[30692.3076923077,1,0],[30807.6923076923,1,0],[30923.0769230769,3,0],[31038.4615384615,0,0],[31153.8461538462,3,0],[31269.2307692308,2,0],[31500,1,0],[31615.3846153846,3,0],[31730.7692307692,1,0],[31846.1538461538,0,0],[31961.5384615385,0,0],[32076.9230769231,3,0],[32192.3076923077,0,0],[32307.6923076923,3,0],[32423.0769230769,2,0],[32538.4615384615,1,0],[32653.8461538462,0,0],[32769.2307692308,1,0],[32884.6153846154,0,0],[33000,2,0],[33115.3846153846,3,0],[33230.7692307692,2,0],[33346.1538461539,3,0],[33461.5384615385,0,0],[36923.0769230769,3,0],[37153.8461538462,0,0],[37269.2307692308,1,0],[37384.6153846154,2,0],[37500,1,0],[37615.3846153846,3,0],[37730.7692307692,1,0],[37846.1538461539,3,0],[37961.5384615385,0,0],[38076.9230769231,3,0],[38192.3076923077,2,0],[38307.6923076923,3,0],[38423.0769230769,1,0],[38538.4615384615,3,0],[38653.8461538462,0,0],[38884.6153846154,3,0],[39000,3,0],[39115.3846153846,0,0],[39230.7692307692,1,0],[39461.5384615385,0,0],[39692.3076923077,3,0],[39807.6923076923,2,0],[39923.0769230769,1,0],[40038.4615384615,0,0],[40153.8461538462,2,0],[40269.2307692308,1,0],[40384.6153846154,0,0],[40500,1,0],[44423.0769230769,1,0],[44538.4615384615,1,0],[44653.8461538462,0,0],[44769.2307692308,3,0],[44884.6153846154,1,0],[45000,2,0],[45115.3846153846,0,0],[45230.7692307692,2,0],[45346.1538461539,1,0],[45461.5384615385,2,0],[45692.3076923077,1,0],[45807.6923076923,0,0],[45923.0769230769,3,0],[46269.2307692308,1,0],[46384.6153846154,0,0],[46500,3,0],[46615.3846153846,0,0],[46730.7692307692,2,0],[46846.1538461539,3,0],[46961.5384615385,3,0],[47076.9230769231,2,0],[47307.6923076923,1,0],[47423.0769230769,0,0],[47538.4615384615,3,0],[47769.2307692308,0,0],[48000,2,462],[48461.5384615385,1,0],[48576.9230769231,0,0],[48692.3076923077,2,0],[48807.6923076923,0,0],[48923.0769230769,3,0],[49038.4615384615,0,0],[49153.8461538462,2,0],[49269.2307692308,0,0],[49384.6153846154,1,0],[49500,0,0],[49615.3846153846,2,0],[49730.7692307692,0,0],[49846.1538461539,3,462],[50307.6923076923,1,0],[50423.0769230769,0,0],[50538.4615384615,3,0],[50653.8461538462,2,0],[50769.2307692308,3,0],[51000,1,0],[51230.7692307692,0,0],[51461.5384615385,2,0],[51692.3076923077,3,0],[51923.0769230769,3,0],[52153.8461538462,0,0],[52500,2,0],[52730.7692307692,2,0],[52846.1538461539,2,0],[53076.9230769231,1,462],[53538.4615384615,0,462],[54000,1,462],[54461.5384615385,2,462],[54923.0769230769,3,0],[55153.8461538462,0,0],[55269.2307692308,0,0],[55384.6153846154,3,462],[59076.9230769231,0,0],[59192.3076923077,2,0],[59307.6923076923,0,0],[59423.0769230769,2,0],[59538.4615384615,3,0],[59653.8461538462,0,0],[59769.2307692308,1,0],[59884.6153846154,1,0],[60000,0,0],[60115.3846153846,3,0],[60230.7692307692,1,0],[60346.1538461539,1,0],[60461.5384615385,3,0],[60576.9230769231,0,0],[60692.3076923077,3,0],[60807.6923076923,2,0],[61038.4615384615,1,0],[61153.8461538462,3,0],[61269.2307692308,1,0],[61384.6153846154,0,0],[61500,0,0],[61615.3846153846,3,0],[61730.7692307692,0,0],[61846.1538461539,0,0],[61903.8461538462,3,0],[61961.5384615385,2,0],[62076.9230769231,1,0],[62192.3076923077,1,0],[62307.6923076923,0,0],[62365.3846153846,3,0],[62423.0769230769,2,0],[62538.4615384615,1,0],[62653.8461538462,1,0],[62769.2307692308,0,0],[63000,0,0],[63230.7692307692,3,346],[63576.9230769231,1,577],[64153.8461538462,2,0],[64384.6153846154,2,0],[64500,2,0],[64615.3846153846,0,0],[64846.1538461539,0,0],[65076.9230769231,3,346],[65423.0769230769,1,577],[66000,1,0],[66115.3846153846,0,0],[66230.7692307692,3,0],[66346.1538461538,2,0],[66461.5384615385,0,0],[66576.9230769231,2,0],[66692.3076923077,0,0],[66807.6923076923,2,0],[66923.0769230769,3,0],[67038.4615384615,1,0],[67153.8461538462,1,0],[67269.2307692308,1,0],[67384.6153846154,0,0],[67500,3,0],[67615.3846153846,1,0],[67730.7692307692,1,0],[67846.1538461538,2,0],[67961.5384615385,0,0],[68076.9230769231,3,0],[68192.3076923077,2,0],[68423.0769230769,1,0],[68538.4615384615,3,0],[68653.8461538462,0,0],[68769.2307692308,1,0],[68884.6153846154,0,0],[69000,3,0],[69115.3846153846,0,0],[69230.7692307692,3,0],[69346.1538461538,2,0],[69461.5384615385,1,0],[69576.9230769231,0,0],[69692.3076923077,2,0],[69807.6923076923,1,0],[69923.0769230769,0,0],[70038.4615384615,3,0],[70153.8461538462,1,923],[72115.3846153846,3,0],[72230.7692307692,0,0],[72461.5384615385,3,0],[72692.3076923077,2,0],[72807.6923076923,0,0],[73038.4615384615,3,0],[73153.8461538462,3,0],[73269.2307692308,2,0],[73384.6153846154,3,0],[73500,1,0],[73615.3846153846,0,0],[73730.7692307692,1,0],[73846.1538461538,2,692]],"lengthInSteps":16,"typeOfSection":0,"mustHitSection":true},{"sectionNotes":[[0,0,0],[230.769230769231,0,0],[461.538461538462,0,0],[576.923076923077,3,0],[692.307692307692,0,0],[807.692307692308,3,0],[1038.46153846154,0,0],[1153.84615384615,3,0],[1384.61538461538,0,0],[1500,3,0],[1615.38461538462,0,0],[1730.76923076923,3,0],[3923.07692307692,3,0],[4038.46153846154,2,0],[4153.84615384615,0,0],[4384.61538461538,3,0],[4500,0,0],[4730.76923076923,1,0],[4961.53846153846,2,0],[5076.92307692308,3,0],[5192.30769230769,2,0],[5307.69230769231,0,0],[5423.07692307692,1,0],[5653.84615384615,3,0],[5769.23076923077,0,0],[6000,3,0],[6230.76923076923,2,0],[6346.15384615385,0,0],[6576.92307692308,3,0],[6692.30769230769,3,0],[6807.69230769231,2,0],[6923.07692307692,3,0],[7038.46153846154,1,0],[7153.84615384615,0,0],[7269.23076923077,1,0],[7384.61538461538,2,231],[7615.38461538462,3,0],[7730.76923076923,0,0],[11307.6923076923,1,0],[11423.0769230769,0,0],[11538.4615384615,3,0],[11653.8461538462,3,0],[11769.2307692308,0,0],[11884.6153846154,2,0],[12000,1,231],[12230.7692307692,3,0],[12346.1538461538,0,0],[12461.5384615385,3,0],[12576.9230769231,2,0],[12692.3076923077,2,0],[12923.0769230769,0,346],[13269.2307692308,3,0],[13500,0,0],[13615.3846153846,2,0],[13730.7692307692,3,0],[13846.1538461538,1,231],[14076.9230769231,3,0],[14192.3076923077,0,0],[14307.6923076923,1,0],[14423.0769230769,0,0],[14538.4615384615,3,0],[14653.8461538462,3,0],[14769.2307692308,0,462],[18461.5384615385,3,462],[18923.0769230769,1,0],[19038.4615384615,0,0],[19153.8461538462,2,0],[19269.2307692308,0,0],[19384.6153846154,3,0],[19500,0,0],[19615.3846153846,2,0],[19730.7692307692,0,0],[19846.1538461538,1,0],[19961.5384615385,0,0],[20076.9230769231,2,0],[20192.3076923077,0,0],[20307.6923076923,0,462],[20769.2307692308,1,0],[20884.6153846154,0,0],[21000,3,0],[21115.3846153846,2,0],[21230.7692307692,3,0],[21461.5384615385,1,0],[21692.3076923077,0,0],[21923.0769230769,2,0],[22153.8461538462,0,0],[22384.6153846154,0,0],[22615.3846153846,3,0],[22961.5384615385,1,0],[23192.3076923077,1,0],[23307.6923076923,1,0],[23538.4615384615,2,462],[24000,0,462],[24461.5384615385,1,462],[24923.0769230769,2,462],[25384.6153846154,3,0],[25615.3846153846,1,0],[25730.7692307692,1,0],[25846.1538461538,0,0],[25961.5384615385,2,0],[26076.9230769231,0,0],[26192.3076923077,2,0],[26307.6923076923,3,0],[26423.0769230769,0,0],[26538.4615384615,1,0],[26653.8461538462,1,0],[26769.2307692308,0,0],[26884.6153846154,3,0],[27000,1,0],[27115.3846153846,1,0],[27230.7692307692,3,0],[27346.1538461538,0,0],[27461.5384615385,3,0],[27576.9230769231,2,0],[27807.6923076923,1,0],[27923.0769230769,3,0],[28038.4615384615,1,0],[28153.8461538462,0,0],[28269.2307692308,0,0],[28384.6153846154,3,0],[28500,0,0],[28615.3846153846,3,0],[28730.7692307692,2,0],[28846.1538461538,1,0],[28961.5384615385,0,0],[29076.9230769231,1,0],[29192.3076923077,0,0],[29307.6923076923,2,0],[29423.0769230769,3,0],[29538.4615384615,2,0],[29653.8461538462,1,0],[29769.2307692308,0,0],[32769.2307692308,0,0],[32884.6153846154,0,0],[33000,0,0],[33115.3846153846,0,0],[33230.7692307692,3,0],[33461.5384615385,0,0],[33576.9230769231,1,0],[33692.3076923077,2,0],[33807.6923076923,1,0],[33923.0769230769,3,0],[34038.4615384615,1,0],[34153.8461538462,3,0],[34269.2307692308,0,0],[34384.6153846154,3,0],[34500,2,0],[34615.3846153846,3,0],[34730.7692307692,1,0],[34846.1538461539,3,0],[34961.5384615385,0,0],[35192.3076923077,3,0],[35307.6923076923,3,0],[35423.0769230769,0,0],[35538.4615384615,1,0],[35769.2307692308,0,0],[36000,3,0],[36115.3846153846,2,0],[36230.7692307692,1,0],[36346.1538461539,0,0],[36461.5384615385,2,0],[36576.9230769231,1,0],[36692.3076923077,0,0],[36807.6923076923,1,0],[40730.7692307692,1,0],[40846.1538461539,1,0],[40961.5384615385,0,0],[41076.9230769231,3,0],[41192.3076923077,1,0],[41307.6923076923,2,0],[41423.0769230769,0,0],[41538.4615384615,2,0],[41653.8461538462,1,0],[41769.2307692308,2,0],[42000,1,0],[42115.3846153846,0,0],[42230.7692307692,3,0],[42576.9230769231,1,0],[42692.3076923077,0,0],[42807.6923076923,3,0],[42923.0769230769,0,0],[43038.4615384615,2,0],[43153.8461538462,3,0],[43269.2307692308,3,0],[43384.6153846154,2,0],[43615.3846153846,1,0],[43730.7692307692,0,0],[43846.1538461539,3,0],[44076.9230769231,0,0],[44307.6923076923,3,462],[48000,3,462],[48461.5384615385,1,0],[48576.9230769231,0,0],[48692.3076923077,2,0],[48807.6923076923,0,0],[48923.0769230769,3,0],[49038.4615384615,0,0],[49153.8461538462,2,0],[49269.2307692308,0,0],[49384.6153846154,1,0],[49500,0,0],[49615.3846153846,2,0],[49730.7692307692,0,0],[49846.1538461539,0,462],[50307.6923076923,1,0],[50423.0769230769,0,0],[50538.4615384615,3,0],[50653.8461538462,2,0],[50769.2307692308,3,0],[51000,1,0],[51230.7692307692,0,0],[51461.5384615385,2,0],[51692.3076923077,0,0],[51923.0769230769,0,0],[52153.8461538462,3,0],[52500,1,0],[52730.7692307692,1,0],[52846.1538461539,1,0],[53076.9230769231,2,462],[53538.4615384615,0,462],[54000,1,462],[54461.5384615385,2,462],[54923.0769230769,3,0],[55153.8461538462,1,0],[55269.2307692308,1,0],[55384.6153846154,0,0],[55500,2,0],[55615.3846153846,0,0],[55730.7692307692,2,0],[55846.1538461539,3,0],[55961.5384615385,0,0],[56076.9230769231,1,0],[56192.3076923077,1,0],[56307.6923076923,0,0],[56423.0769230769,3,0],[56538.4615384615,1,0],[56653.8461538462,1,0],[56769.2307692308,3,0],[56884.6153846154,0,0],[57000,3,0],[57115.3846153846,2,0],[57346.1538461539,1,0],[57461.5384615385,3,0],[57576.9230769231,1,0],[57692.3076923077,0,0],[57807.6923076923,0,0],[57923.0769230769,3,0],[58038.4615384615,0,0],[58153.8461538462,3,0],[58269.2307692308,2,0],[58384.6153846154,1,0],[58500,0,0],[58615.3846153846,1,0],[58730.7692307692,0,0],[58846.1538461539,2,0],[58961.5384615385,3,0],[59076.9230769231,0,0],[59307.6923076923,0,0],[59538.4615384615,3,346],[59884.6153846154,1,577],[60461.5384615385,2,0],[60692.3076923077,2,0],[60807.6923076923,2,0],[60923.0769230769,1,0],[61153.8461538462,1,0],[61384.6153846154,3,462],[62769.2307692308,0,0],[62884.6153846154,2,0],[63000,0,0],[63115.3846153846,2,0],[63230.7692307692,3,0],[63346.1538461539,0,0],[63461.5384615385,1,0],[63576.9230769231,1,0],[63692.3076923077,0,0],[63807.6923076923,3,0],[63923.0769230769,1,0],[64038.4615384615,1,0],[64153.8461538462,3,0],[64269.2307692308,0,0],[64384.6153846154,3,0],[64500,2,0],[64730.7692307692,1,0],[64846.1538461539,3,0],[64961.5384615385,1,0],[65076.9230769231,0,0],[65192.3076923077,0,0],[65307.6923076923,3,0],[65423.0769230769,0,0],[65538.4615384615,3,0],[65653.8461538462,2,0],[65769.2307692308,1,0],[65884.6153846154,0,0],[66000,1,0],[66115.3846153846,0,0],[66230.7692307692,2,0],[66346.1538461538,3,0],[70384.6153846154,3,0],[70500,2,0],[70615.3846153846,0,0],[70846.1538461538,3,0],[70961.5384615385,0,0],[71192.3076923077,1,0],[71423.0769230769,2,0],[71538.4615384615,3,0],[71653.8461538462,2,0],[71769.2307692308,0,0],[71884.6153846154,1,0]],"lengthInSteps":16,"typeOfSection":0,"mustHitSection":false},{"lengthInSteps":16,"altAnim":false,"typeOfSection":0,"sectionNotes":[],"bpm":130,"changeBPM":false,"mustHitSection":true}],"cutsceneType":"none","song":"Strawberry-Lemonade","uiType":"normal","stage":"limo","validScore":true,"sections":0,"needsVoices":true,"gf":"gf-car","speed":1.8,"bpm":130}}