{"notes":[{"typeOfSection":0,"sectionNotes":[],"lengthInSteps":16,"bpm":95,"changeBPM":false,"mustHitSection":true},{"typeOfSection":0,"sectionNotes":[],"lengthInSteps":16,"bpm":95,"changeBPM":false,"mustHitSection":true},{"typeOfSection":0,"sectionNotes":[],"lengthInSteps":16,"bpm":150,"changeBPM":false,"mustHitSection":false},{"typeOfSection":0,"sectionNotes":[],"lengthInSteps":16,"bpm":150,"changeBPM":false,"mustHitSection":false},{"typeOfSection":0,"sectionNotes":[],"lengthInSteps":16,"bpm":150,"changeBPM":false,"mustHitSection":false},{"typeOfSection":0,"sectionNotes":[],"lengthInSteps":16,"bpm":150,"changeBPM":false,"mustHitSection":false},{"typeOfSection":0,"sectionNotes":[],"lengthInSteps":16,"bpm":150,"changeBPM":false,"mustHitSection":true},{"typeOfSection":0,"sectionNotes":[],"lengthInSteps":16,"bpm":150,"changeBPM":false,"mustHitSection":true},{"typeOfSection":0,"sectionNotes":[[14000,6,100],[14200,7,0],[14300,4,0]],"lengthInSteps":16,"bpm":150,"changeBPM":false,"mustHitSection":true},{"typeOfSection":0,"sectionNotes":[[14500,5,100],[14800,7,0],[15300,5,200],[15100,6,100],[15600,7,200]],"lengthInSteps":16,"bpm":150,"changeBPM":false,"mustHitSection":true},{"typeOfSection":0,"sectionNotes":[[17200,1,0],[16100,0,200],[16400,3,100],[16700,0,0],[17100,1,0],[17400,3,0],[17500,2,0]],"lengthInSteps":16,"bpm":150,"changeBPM":false,"mustHitSection":false},{"typeOfSection":0,"sectionNotes":[[17800,3,0],[18000,0,0],[18200,2,0],[18400,3,0],[18600,0,0],[18800,1,0]],"lengthInSteps":16,"bpm":150,"changeBPM":false,"mustHitSection":false},{"typeOfSection":0,"sectionNotes":[[19400,3,200],[19700,1,200],[20200,6,100],[20400,7,0],[20600,5,0],[20700,7,100]],"lengthInSteps":16,"bpm":150,"changeBPM":false,"mustHitSection":false},{"typeOfSection":0,"sectionNotes":[[21000,5,0],[21300,7,0],[21600,6,0],[21400,4,0],[22100,4,0],[21800,6,200],[22200,6,0],[22300,7,0]],"lengthInSteps":16,"bpm":150,"changeBPM":false,"mustHitSection":false},{"typeOfSection":0,"sectionNotes":[[23200,3,0],[22500,3,100],[22700,1,200],[23300,2,100],[23500,0,0],[23600,2,100],[23800,1,100]],"lengthInSteps":16,"bpm":150,"changeBPM":false,"mustHitSection":true},{"typeOfSection":0,"sectionNotes":[[24200,3,0],[24400,0,0],[24600,2,0],[24800,3,0],[25000,0,0],[25200,1,0],[25300,3,200]],"lengthInSteps":16,"bpm":150,"changeBPM":false,"mustHitSection":true},{"typeOfSection":0,"sectionNotes":[[25900,0,300],[26400,6,100],[26600,7,0],[26700,5,0],[26800,6,0],[27000,6,0],[27100,5,0]],"lengthInSteps":16,"bpm":150,"changeBPM":false,"mustHitSection":true},{"typeOfSection":0,"sectionNotes":[[27400,5,300],[27900,4,100],[28100,7,0],[28300,6,0],[28400,7,0],[28500,5,0],[28600,5,0]],"lengthInSteps":16,"bpm":150,"changeBPM":false,"mustHitSection":true},{"typeOfSection":0,"sectionNotes":[[29000,0,0],[29200,3,0],[29400,2,0],[29600,2,0],[29800,3,0],[30000,1,0],[30200,3,0]],"lengthInSteps":16,"bpm":150,"changeBPM":false,"mustHitSection":false},{"typeOfSection":0,"sectionNotes":[[31000,2,0],[31200,0,300],[31600,1,200]],"lengthInSteps":16,"bpm":150,"changeBPM":false,"mustHitSection":false},{"typeOfSection":0,"sectionNotes":[[32200,3,200],[32500,3,300],[33100,6,100],[33400,7,0],[33500,6,0],[33400,4,0]],"lengthInSteps":16,"bpm":150,"changeBPM":false,"mustHitSection":false},{"typeOfSection":0,"sectionNotes":[[33700,4,200],[34100,7,200],[34500,6,0],[34700,7,0],[35100,6,0],[34800,5,0],[35000,4,0]],"lengthInSteps":16,"bpm":150,"changeBPM":false,"mustHitSection":false},{"typeOfSection":0,"sectionNotes":[[35300,3,0],[35400,0,300],[36100,2,0],[36200,3,0],[36400,2,0],[36500,3,0],[36600,1,0],[36700,1,0]],"lengthInSteps":16,"bpm":150,"changeBPM":false,"mustHitSection":true},{"typeOfSection":0,"sectionNotes":[[36800,2,0],[37000,0,200],[37500,0,0],[37800,0,0],[38200,0,0],[38000,0,0]],"lengthInSteps":16,"bpm":150,"changeBPM":false,"mustHitSection":true},{"typeOfSection":0,"sectionNotes":[[38500,0,0],[38900,6,100],[39100,7,0],[39200,4,0],[39400,6,0],[39700,5,0],[39800,6,0],[39900,7,0],[39600,4,0]],"lengthInSteps":16,"bpm":150,"changeBPM":false,"mustHitSection":true},{"typeOfSection":0,"sectionNotes":[[40000,4,0],[40100,5,0],[40400,6,0],[40500,5,0],[40700,7,0],[41100,6,100],[41300,4,0],[41400,5,0],[41500,7,0],[41300,6,0],[40900,6,0],[40800,5,0]],"lengthInSteps":16,"bpm":150,"changeBPM":false,"mustHitSection":true},{"typeOfSection":0,"sectionNotes":[[42600,0,0],[42800,1,0],[42700,3,0],[41800,2,200],[42200,0,100],[42400,3,100]],"lengthInSteps":16,"bpm":150,"changeBPM":false,"mustHitSection":false},{"typeOfSection":0,"sectionNotes":[[43600,0,0],[44000,3,0],[44200,0,0],[44400,1,0],[43800,3,0],[44300,3,0],[43300,2,0],[43400,3,0],[43500,1,0],[43600,2,0]],"lengthInSteps":16,"bpm":150,"changeBPM":false,"mustHitSection":false},{"typeOfSection":0,"sectionNotes":[[45000,3,200],[45300,0,200],[45900,6,200],[45900,2,200],[46200,0,0],[46300,2,0],[46200,7,100],[46200,2,0]],"lengthInSteps":16,"bpm":150,"changeBPM":false,"mustHitSection":false},{"typeOfSection":0,"sectionNotes":[[46600,2,0],[46800,3,0],[47600,1,0],[47500,3,0],[46400,6,100],[46600,4,0],[46700,7,0],[46900,5,100],[47200,6,200],[47500,4,200],[47300,0,0],[46500,0,0],[47800,3,0],[47900,2,0],[47700,0,0],[47800,7,300]],"lengthInSteps":16,"bpm":150,"changeBPM":false,"mustHitSection":false},{"typeOfSection":0,"sectionNotes":[[48100,1,300],[48200,6,100],[48400,5,0],[48700,7,0],[48800,4,0],[49000,5,0],[49200,7,0],[49300,5,0],[49400,7,0],[49100,2,200],[49500,0,200]],"lengthInSteps":16,"bpm":150,"changeBPM":false,"mustHitSection":true},{"typeOfSection":0,"sectionNotes":[[49900,3,200],[50200,0,200],[49600,4,0],[49600,6,0],[49700,7,0],[49800,7,0],[49900,5,0],[50100,6,300],[50600,2,0],[50700,2,0],[50900,1,0],[51000,2,0],[51100,2,0],[50800,7,0],[51000,5,0],[50600,5,0],[50900,6,0]],"lengthInSteps":16,"bpm":150,"changeBPM":false,"mustHitSection":true},{"typeOfSection":0,"sectionNotes":[[51300,3,0],[51600,3,0],[51900,3,0],[52100,3,0],[52100,4,0],[51600,4,0],[51300,4,0],[51900,4,0],[52300,2,0],[52500,3,0],[52700,3,0],[52600,1,0]],"lengthInSteps":16,"bpm":150,"changeBPM":false,"mustHitSection":true},{"typeOfSection":0,"sectionNotes":[[53000,2,0],[53200,3,0],[53400,0,0],[53500,3,200],[54100,2,100],[54300,3,0]],"lengthInSteps":16,"bpm":150,"changeBPM":false,"mustHitSection":true},{"typeOfSection":0,"sectionNotes":[[54700,4,0],[55100,4,0],[55200,5,300],[54900,5,0],[55800,1,0],[55600,1,0],[55900,3,0]],"lengthInSteps":16,"bpm":150,"changeBPM":false,"mustHitSection":false},{"typeOfSection":0,"sectionNotes":[[56200,6,0],[56400,4,0],[56800,7,0],[57000,4,0],[57100,7,0],[57200,5,0],[56600,7,0],[56800,5,0],[57400,6,0],[57500,7,0]],"lengthInSteps":16,"bpm":150,"changeBPM":false,"mustHitSection":true},{"typeOfSection":0,"sectionNotes":[[57800,2,0],[58100,0,0],[58300,3,0],[58500,0,0],[58700,1,0],[58500,3,0],[58600,3,0],[58900,6,100],[59100,7,100]],"lengthInSteps":16,"bpm":150,"changeBPM":false,"mustHitSection":false},{"typeOfSection":0,"sectionNotes":[[60300,6,0],[60100,6,0],[59800,7,0],[59700,4,0],[59200,4,0],[59400,6,0]],"lengthInSteps":16,"bpm":150,"changeBPM":false,"mustHitSection":false},{"typeOfSection":0,"sectionNotes":[[61000,2,0],[61200,3,0],[61400,0,0],[61600,3,0],[61800,0,0],[62000,1,0],[62200,1,0]],"lengthInSteps":16,"bpm":150,"changeBPM":false,"mustHitSection":true},{"typeOfSection":0,"sectionNotes":[[62800,0,0],[63200,3,0],[63400,0,0],[63600,1,0],[62600,2,0],[63000,3,0],[63500,3,0]],"lengthInSteps":16,"bpm":150,"changeBPM":false,"mustHitSection":true},{"typeOfSection":0,"sectionNotes":[[64200,3,0],[64400,0,0],[64600,0,0],[65000,1,300],[64800,3,0],[64900,0,0],[65400,2,0],[65500,3,0]],"lengthInSteps":16,"bpm":150,"changeBPM":false,"mustHitSection":true},{"typeOfSection":0,"sectionNotes":[[65800,2,0],[66000,3,0],[66200,0,0],[66400,3,0],[66500,0,200],[67000,6,100]],"lengthInSteps":16,"bpm":150,"changeBPM":false,"mustHitSection":true},{"typeOfSection":0,"sectionNotes":[[67400,3,0],[67600,0,0],[67800,0,0],[68000,2,0],[68200,3,0],[68400,3,0],[68600,1,0]],"lengthInSteps":16,"bpm":150,"changeBPM":false,"mustHitSection":false},{"typeOfSection":0,"sectionNotes":[[68800,1,0],[69000,3,0],[69100,0,0],[69200,3,0],[69400,3,0],[69600,1,300],[70000,3,300]],"lengthInSteps":16,"bpm":150,"changeBPM":false,"mustHitSection":false},{"typeOfSection":0,"sectionNotes":[[70600,3,0],[70800,1,0],[71000,2,0],[71200,3,0],[71300,1,0],[71500,2,0],[71700,3,0],[70600,3,0],[70800,1,0],[71000,2,0],[71200,3,0],[71300,1,0],[71500,2,0],[71700,3,0]],"lengthInSteps":16,"bpm":150,"changeBPM":false,"mustHitSection":false},{"typeOfSection":0,"sectionNotes":[[72000,0,100],[72200,1,100],[72400,2,100],[72600,3,100],[73100,2,0],[73300,3,0],[73500,2,0],[73300,1,0]],"lengthInSteps":16,"bpm":150,"changeBPM":false,"mustHitSection":false},{"typeOfSection":0,"sectionNotes":[[73700,7,0],[73900,7,0],[74100,7,0],[74300,5,0],[74400,5,0],[74700,4,300],[74600,7,0]],"lengthInSteps":16,"bpm":150,"changeBPM":false,"mustHitSection":true},{"typeOfSection":0,"sectionNotes":[[75200,6,200],[75600,4,0],[75700,6,0],[75900,5,0],[76100,7,200],[76400,5,300]],"lengthInSteps":16,"bpm":150,"changeBPM":false,"mustHitSection":true},{"typeOfSection":0,"sectionNotes":[[77200,5,200],[77700,5,0],[77900,6,0],[78100,6,0],[78200,6,0],[78300,5,0],[78000,5,0]],"lengthInSteps":16,"bpm":150,"changeBPM":false,"mustHitSection":true},{"typeOfSection":0,"sectionNotes":[[78900,6,0],[79100,5,0],[79300,6,0],[79200,6,0],[79000,7,0],[79500,7,100],[79600,4,100],[79900,6,100]],"lengthInSteps":16,"bpm":150,"changeBPM":false,"mustHitSection":true},{"typeOfSection":0,"sectionNotes":[[80200,5,100],[80500,7,100],[80700,5,0],[80800,5,100],[81000,6,100],[81200,5,100]],"lengthInSteps":16,"bpm":150,"changeBPM":false,"mustHitSection":true},{"typeOfSection":0,"sectionNotes":[[81700,4,100],[81900,7,100],[82100,5,100],[82300,5,100],[82400,7,0],[82600,6,100],[83000,3,0],[83100,3,0]],"lengthInSteps":16,"bpm":150,"changeBPM":false,"mustHitSection":true},{"typeOfSection":0,"sectionNotes":[[83300,2,0],[83500,3,0],[83700,2,0],[83900,3,0],[84000,1,200],[84400,2,0],[84500,3,0],[84600,1,0],[84700,3,0]],"lengthInSteps":16,"bpm":150,"changeBPM":false,"mustHitSection":true},{"typeOfSection":0,"sectionNotes":[[84900,1,0],[85000,2,0],[85200,0,0],[85300,2,0],[85400,3,200],[85800,2,0],[85900,3,0],[86000,1,0],[86100,2,0],[86300,3,0]],"lengthInSteps":16,"bpm":150,"changeBPM":false,"mustHitSection":true},{"lengthInSteps":16,"altAnim":false,"typeOfSection":0,"sectionNotes":[[86700,0,200],[86500,2,0],[86600,1,0],[87200,2,0],[87400,2,0],[87600,3,0],[87700,2,0],[87800,2,0],[87900,3,0]],"bpm":150,"changeBPM":false,"mustHitSection":true},{"lengthInSteps":16,"altAnim":false,"typeOfSection":0,"sectionNotes":[[88200,0,200],[88600,2,200],[88600,6,200],[88900,3,200],[89200,1,100],[89400,2,100],[89000,5,0],[89100,7,0],[89200,6,0],[89300,6,0],[89400,5,0]],"bpm":150,"changeBPM":false,"mustHitSection":true},{"lengthInSteps":16,"altAnim":false,"typeOfSection":0,"sectionNotes":[[90000,5,100],[90200,6,100],[90300,5,0],[90500,6,100],[90700,6,100],[90900,5,100],[89700,3,100],[90000,1,100],[90300,3,300],[91100,3,100]],"bpm":150,"changeBPM":false,"mustHitSection":true},{"lengthInSteps":16,"altAnim":false,"typeOfSection":0,"sectionNotes":[[91500,3,100],[91700,0,0],[92000,2,100],[92300,2,0],[92400,3,0],[92500,2,0],[92600,1,200],[91200,4,0],[91300,5,0],[91400,6,0],[91500,7,0],[91600,6,0],[91700,5,0],[91800,4,0],[91900,5,0],[92000,6,0],[92100,7,0],[92600,6,0],[92700,7,0]],"bpm":150,"changeBPM":false,"mustHitSection":true},{"lengthInSteps":16,"altAnim":false,"typeOfSection":0,"sectionNotes":[[92800,7,0],[92900,6,0],[93000,5,0],[93100,4,0],[93200,5,0],[93300,5,0],[93400,5,0],[93500,5,0],[93200,1,0],[93400,1,0],[93500,1,0],[93300,1,0],[93100,0,0],[93000,1,0],[92900,2,0],[92800,3,0],[93600,5,300],[93600,1,300],[94100,2,0],[94200,3,0]],"bpm":150,"changeBPM":false,"mustHitSection":true},{"lengthInSteps":16,"altAnim":false,"typeOfSection":0,"sectionNotes":[[94500,0,100],[94700,2,100],[95000,3,0],[95100,3,0],[95400,3,0],[95600,2,0],[95800,2,0],[95900,0,0]],"bpm":150,"changeBPM":false,"mustHitSection":true},{"lengthInSteps":16,"altAnim":false,"typeOfSection":0,"sectionNotes":[[96100,0,100],[96400,3,0],[96300,3,0],[96500,0,0],[96600,1,0],[96700,2,0],[96900,2,200],[96800,2,0],[97200,2,0],[97400,3,0],[97500,2,0]],"bpm":150,"changeBPM":false,"mustHitSection":true},{"lengthInSteps":16,"altAnim":false,"typeOfSection":0,"sectionNotes":[[97800,0,0],[97900,3,0],[97700,2,0],[98200,1,0],[98400,0,0],[98300,3,0],[98700,6,100],[98900,7,0],[99000,5,200]],"bpm":150,"changeBPM":false,"mustHitSection":true},{"lengthInSteps":16,"altAnim":false,"typeOfSection":0,"sectionNotes":[[99200,4,0],[99400,5,0],[99600,6,0],[99700,5,0],[99900,6,200],[100400,5,0],[100500,7,0],[100600,6,0],[100700,5,0]],"bpm":150,"changeBPM":false,"mustHitSection":true},{"lengthInSteps":16,"altAnim":false,"typeOfSection":0,"sectionNotes":[[100900,4,100],[101200,6,0],[101300,7,0],[101400,5,100],[101600,5,0],[101700,5,0]],"bpm":150,"changeBPM":false,"mustHitSection":true},{"lengthInSteps":16,"altAnim":false,"typeOfSection":0,"sectionNotes":[],"bpm":150,"changeBPM":false,"mustHitSection":true},{"lengthInSteps":16,"altAnim":false,"typeOfSection":0,"sectionNotes":[],"bpm":150,"changeBPM":false,"mustHitSection":true},{"lengthInSteps":16,"altAnim":false,"typeOfSection":0,"sectionNotes":[],"bpm":150,"changeBPM":false,"mustHitSection":true},{"lengthInSteps":16,"altAnim":false,"typeOfSection":0,"sectionNotes":[],"bpm":150,"changeBPM":false,"mustHitSection":true},{"lengthInSteps":16,"altAnim":false,"typeOfSection":0,"sectionNotes":[],"bpm":150,"changeBPM":false,"mustHitSection":true},{"lengthInSteps":16,"altAnim":false,"typeOfSection":0,"sectionNotes":[],"bpm":150,"changeBPM":false,"mustHitSection":true}],"sections":70,"bpm":150,"song":{"isMoody":false,"sectionLengths":[],"player1":"bf","player2":"Greg","notes":[{"typeOfSection":0,"sectionNotes":[],"lengthInSteps":16,"bpm":95,"changeBPM":false,"mustHitSection":true},{"typeOfSection":0,"sectionNotes":[],"lengthInSteps":16,"bpm":95,"changeBPM":false,"mustHitSection":true},{"typeOfSection":0,"sectionNotes":[],"lengthInSteps":16,"bpm":150,"changeBPM":false,"mustHitSection":false},{"typeOfSection":0,"sectionNotes":[],"lengthInSteps":16,"bpm":150,"changeBPM":false,"mustHitSection":false},{"typeOfSection":0,"sectionNotes":[],"lengthInSteps":16,"bpm":150,"changeBPM":false,"mustHitSection":false},{"typeOfSection":0,"sectionNotes":[],"lengthInSteps":16,"bpm":150,"changeBPM":false,"mustHitSection":false},{"typeOfSection":0,"sectionNotes":[],"lengthInSteps":16,"bpm":150,"changeBPM":false,"mustHitSection":true},{"typeOfSection":0,"sectionNotes":[],"lengthInSteps":16,"bpm":150,"changeBPM":false,"mustHitSection":true},{"typeOfSection":0,"sectionNotes":[[14000,6,100],[14200,7,0],[14300,4,0]],"lengthInSteps":16,"bpm":150,"changeBPM":false,"mustHitSection":true},{"typeOfSection":0,"sectionNotes":[[14500,5,100],[14800,7,0],[15300,5,200],[15100,6,100],[15600,7,200]],"lengthInSteps":16,"bpm":150,"changeBPM":false,"mustHitSection":true},{"typeOfSection":0,"sectionNotes":[[17200,1,0],[16100,0,200],[16400,3,100],[16700,0,0],[17100,1,0],[17400,3,0],[17500,2,0]],"lengthInSteps":16,"bpm":150,"changeBPM":false,"mustHitSection":false},{"typeOfSection":0,"sectionNotes":[[17800,3,0],[18000,0,0],[18200,2,0],[18400,3,0],[18600,0,0],[18800,1,0]],"lengthInSteps":16,"bpm":150,"changeBPM":false,"mustHitSection":false},{"typeOfSection":0,"sectionNotes":[[19400,3,200],[19700,1,200],[20200,6,100],[20400,7,0],[20600,5,0],[20700,7,100]],"lengthInSteps":16,"bpm":150,"changeBPM":false,"mustHitSection":false},{"typeOfSection":0,"sectionNotes":[[21000,5,0],[21300,7,0],[21600,6,0],[21400,4,0],[22100,4,0],[21800,6,200],[22200,6,0],[22300,7,0]],"lengthInSteps":16,"bpm":150,"changeBPM":false,"mustHitSection":false},{"typeOfSection":0,"sectionNotes":[[23200,3,0],[22500,3,100],[22700,1,200],[23300,2,100],[23500,0,0],[23600,2,100],[23800,1,100]],"lengthInSteps":16,"bpm":150,"changeBPM":false,"mustHitSection":true},{"typeOfSection":0,"sectionNotes":[[24200,3,0],[24400,0,0],[24600,2,0],[24800,3,0],[25000,0,0],[25200,1,0],[25300,3,200]],"lengthInSteps":16,"bpm":150,"changeBPM":false,"mustHitSection":true},{"typeOfSection":0,"sectionNotes":[[25900,0,300],[26400,6,100],[26600,7,0],[26700,5,0],[26800,6,0],[27000,6,0],[27100,5,0]],"lengthInSteps":16,"bpm":150,"changeBPM":false,"mustHitSection":true},{"typeOfSection":0,"sectionNotes":[[27400,5,300],[27900,4,100],[28100,7,0],[28300,6,0],[28400,7,0],[28500,5,0],[28600,5,0]],"lengthInSteps":16,"bpm":150,"changeBPM":false,"mustHitSection":true},{"typeOfSection":0,"sectionNotes":[[29000,0,0],[29200,3,0],[29400,2,0],[29600,2,0],[29800,3,0],[30000,1,0],[30200,3,0]],"lengthInSteps":16,"bpm":150,"changeBPM":false,"mustHitSection":false},{"typeOfSection":0,"sectionNotes":[[31000,2,0],[31200,0,300],[31600,1,200]],"lengthInSteps":16,"bpm":150,"changeBPM":false,"mustHitSection":false},{"typeOfSection":0,"sectionNotes":[[32200,3,200],[32500,3,300],[33100,6,100],[33400,7,0],[33500,6,0],[33400,4,0]],"lengthInSteps":16,"bpm":150,"changeBPM":false,"mustHitSection":false},{"typeOfSection":0,"sectionNotes":[[33700,4,200],[34100,7,200],[34500,6,0],[34700,7,0],[35100,6,0],[34800,5,0],[35000,4,0]],"lengthInSteps":16,"bpm":150,"changeBPM":false,"mustHitSection":false},{"typeOfSection":0,"sectionNotes":[[35300,3,0],[35400,0,300],[36100,2,0],[36200,3,0],[36400,2,0],[36500,3,0],[36600,1,0],[36700,1,0]],"lengthInSteps":16,"bpm":150,"changeBPM":false,"mustHitSection":true},{"typeOfSection":0,"sectionNotes":[[36800,2,0],[37000,0,200],[37500,0,0],[37800,0,0],[38200,0,0],[38000,0,0]],"lengthInSteps":16,"bpm":150,"changeBPM":false,"mustHitSection":true},{"typeOfSection":0,"sectionNotes":[[38500,0,0],[38900,6,100],[39100,7,0],[39200,4,0],[39400,6,0],[39700,5,0],[39800,6,0],[39900,7,0],[39600,4,0]],"lengthInSteps":16,"bpm":150,"changeBPM":false,"mustHitSection":true},{"typeOfSection":0,"sectionNotes":[[40000,4,0],[40100,5,0],[40400,6,0],[40500,5,0],[40700,7,0],[41100,6,100],[41300,4,0],[41400,5,0],[41500,7,0],[41300,6,0],[40900,6,0],[40800,5,0]],"lengthInSteps":16,"bpm":150,"changeBPM":false,"mustHitSection":true},{"typeOfSection":0,"sectionNotes":[[42600,0,0],[42800,1,0],[42700,3,0],[41800,2,200],[42200,0,100],[42400,3,100]],"lengthInSteps":16,"bpm":150,"changeBPM":false,"mustHitSection":false},{"typeOfSection":0,"sectionNotes":[[43600,0,0],[44000,3,0],[44200,0,0],[44400,1,0],[43800,3,0],[44300,3,0],[43300,2,0],[43400,3,0],[43500,1,0],[43600,2,0]],"lengthInSteps":16,"bpm":150,"changeBPM":false,"mustHitSection":false},{"typeOfSection":0,"sectionNotes":[[45000,3,200],[45300,0,200],[45900,6,200],[45900,2,200],[46200,0,0],[46300,2,0],[46200,7,100],[46200,2,0]],"lengthInSteps":16,"bpm":150,"changeBPM":false,"mustHitSection":false},{"typeOfSection":0,"sectionNotes":[[46600,2,0],[46800,3,0],[47600,1,0],[47500,3,0],[46400,6,100],[46600,4,0],[46700,7,0],[46900,5,100],[47200,6,200],[47500,4,200],[47300,0,0],[46500,0,0],[47800,3,0],[47900,2,0],[47700,0,0],[47800,7,300]],"lengthInSteps":16,"bpm":150,"changeBPM":false,"mustHitSection":false},{"typeOfSection":0,"sectionNotes":[[48100,1,300],[48200,6,100],[48400,5,0],[48700,7,0],[48800,4,0],[49000,5,0],[49200,7,0],[49300,5,0],[49400,7,0],[49100,2,200],[49500,0,200]],"lengthInSteps":16,"bpm":150,"changeBPM":false,"mustHitSection":true},{"typeOfSection":0,"sectionNotes":[[49900,3,200],[50200,0,200],[49600,4,0],[49600,6,0],[49700,7,0],[49800,7,0],[49900,5,0],[50100,6,300],[50600,2,0],[50700,2,0],[50900,1,0],[51000,2,0],[51100,2,0],[50800,7,0],[51000,5,0],[50600,5,0],[50900,6,0]],"lengthInSteps":16,"bpm":150,"changeBPM":false,"mustHitSection":true},{"typeOfSection":0,"sectionNotes":[[51300,3,0],[51600,3,0],[51900,3,0],[52100,3,0],[52100,4,0],[51600,4,0],[51300,4,0],[51900,4,0],[52300,2,0],[52500,3,0],[52700,3,0],[52600,1,0]],"lengthInSteps":16,"bpm":150,"changeBPM":false,"mustHitSection":true},{"typeOfSection":0,"sectionNotes":[[53000,2,0],[53200,3,0],[53400,0,0],[53500,3,200],[54100,2,100],[54300,3,0]],"lengthInSteps":16,"bpm":150,"changeBPM":false,"mustHitSection":true},{"typeOfSection":0,"sectionNotes":[[54700,4,0],[55100,4,0],[55200,5,300],[54900,5,0],[55800,1,0],[55600,1,0],[55900,3,0]],"lengthInSteps":16,"bpm":150,"changeBPM":false,"mustHitSection":false},{"typeOfSection":0,"sectionNotes":[[56200,6,0],[56400,4,0],[56800,7,0],[57000,4,0],[57100,7,0],[57200,5,0],[56600,7,0],[56800,5,0],[57400,6,0],[57500,7,0]],"lengthInSteps":16,"bpm":150,"changeBPM":false,"mustHitSection":true},{"typeOfSection":0,"sectionNotes":[[57800,2,0],[58100,0,0],[58300,3,0],[58500,0,0],[58700,1,0],[58500,3,0],[58600,3,0],[58900,6,100],[59100,7,100]],"lengthInSteps":16,"bpm":150,"changeBPM":false,"mustHitSection":false},{"typeOfSection":0,"sectionNotes":[[60300,6,0],[60100,6,0],[59800,7,0],[59700,4,0],[59200,4,0],[59400,6,0]],"lengthInSteps":16,"bpm":150,"changeBPM":false,"mustHitSection":false},{"typeOfSection":0,"sectionNotes":[[61000,2,0],[61200,3,0],[61400,0,0],[61600,3,0],[61800,0,0],[62000,1,0],[62200,1,0]],"lengthInSteps":16,"bpm":150,"changeBPM":false,"mustHitSection":true},{"typeOfSection":0,"sectionNotes":[[62800,0,0],[63200,3,0],[63400,0,0],[63600,1,0],[62600,2,0],[63000,3,0],[63500,3,0]],"lengthInSteps":16,"bpm":150,"changeBPM":false,"mustHitSection":true},{"typeOfSection":0,"sectionNotes":[[64200,3,0],[64400,0,0],[64600,0,0],[65000,1,300],[64800,3,0],[64900,0,0],[65400,2,0],[65500,3,0]],"lengthInSteps":16,"bpm":150,"changeBPM":false,"mustHitSection":true},{"typeOfSection":0,"sectionNotes":[[65800,2,0],[66000,3,0],[66200,0,0],[66400,3,0],[66500,0,200],[67000,6,100]],"lengthInSteps":16,"bpm":150,"changeBPM":false,"mustHitSection":true},{"typeOfSection":0,"sectionNotes":[[67400,3,0],[67600,0,0],[67800,0,0],[68000,2,0],[68200,3,0],[68400,3,0],[68600,1,0]],"lengthInSteps":16,"bpm":150,"changeBPM":false,"mustHitSection":false},{"typeOfSection":0,"sectionNotes":[[68800,1,0],[69000,3,0],[69100,0,0],[69200,3,0],[69400,3,0],[69600,1,300],[70000,3,300]],"lengthInSteps":16,"bpm":150,"changeBPM":false,"mustHitSection":false},{"typeOfSection":0,"sectionNotes":[[70600,3,0],[70800,1,0],[71000,2,0],[71200,3,0],[71300,1,0],[71500,2,0],[71700,3,0],[70600,3,0],[70800,1,0],[71000,2,0],[71200,3,0],[71300,1,0],[71500,2,0],[71700,3,0]],"lengthInSteps":16,"bpm":150,"changeBPM":false,"mustHitSection":false},{"typeOfSection":0,"sectionNotes":[[72000,0,100],[72200,1,100],[72400,2,100],[72600,3,100],[73100,2,0],[73300,3,0],[73500,2,0],[73300,1,0]],"lengthInSteps":16,"bpm":150,"changeBPM":false,"mustHitSection":false},{"typeOfSection":0,"sectionNotes":[[73700,7,0],[73900,7,0],[74100,7,0],[74300,5,0],[74400,5,0],[74700,4,300],[74600,7,0]],"lengthInSteps":16,"bpm":150,"changeBPM":false,"mustHitSection":true},{"typeOfSection":0,"sectionNotes":[[75200,6,200],[75600,4,0],[75700,6,0],[75900,5,0],[76100,7,200],[76400,5,300]],"lengthInSteps":16,"bpm":150,"changeBPM":false,"mustHitSection":true},{"typeOfSection":0,"sectionNotes":[[77200,5,200],[77700,5,0],[77900,6,0],[78100,6,0],[78200,6,0],[78300,5,0],[78000,5,0]],"lengthInSteps":16,"bpm":150,"changeBPM":false,"mustHitSection":true},{"typeOfSection":0,"sectionNotes":[[78900,6,0],[79100,5,0],[79300,6,0],[79200,6,0],[79000,7,0],[79500,7,100],[79600,4,100],[79900,6,100]],"lengthInSteps":16,"bpm":150,"changeBPM":false,"mustHitSection":true},{"typeOfSection":0,"sectionNotes":[[80200,5,100],[80500,7,100],[80700,5,0],[80800,5,100],[81000,6,100],[81200,5,100]],"lengthInSteps":16,"bpm":150,"changeBPM":false,"mustHitSection":true},{"typeOfSection":0,"sectionNotes":[[81700,4,100],[81900,7,100],[82100,5,100],[82300,5,100],[82400,7,0],[82600,6,100],[83000,3,0],[83100,3,0]],"lengthInSteps":16,"bpm":150,"changeBPM":false,"mustHitSection":true},{"typeOfSection":0,"sectionNotes":[[83300,2,0],[83500,3,0],[83700,2,0],[83900,3,0],[84000,1,200],[84400,2,0],[84500,3,0],[84600,1,0],[84700,3,0]],"lengthInSteps":16,"bpm":150,"changeBPM":false,"mustHitSection":true},{"typeOfSection":0,"sectionNotes":[[84900,1,0],[85000,2,0],[85200,0,0],[85300,2,0],[85400,3,200],[85800,2,0],[85900,3,0],[86000,1,0],[86100,2,0],[86300,3,0]],"lengthInSteps":16,"bpm":150,"changeBPM":false,"mustHitSection":true},{"lengthInSteps":16,"altAnim":false,"typeOfSection":0,"sectionNotes":[[86700,0,200],[86500,2,0],[86600,1,0],[87200,2,0],[87400,2,0],[87600,3,0],[87700,2,0],[87800,2,0],[87900,3,0]],"bpm":150,"changeBPM":false,"mustHitSection":true},{"lengthInSteps":16,"altAnim":false,"typeOfSection":0,"sectionNotes":[[88200,0,200],[88600,2,200],[88600,6,200],[88900,3,200],[89200,1,100],[89400,2,100],[89000,5,0],[89100,7,0],[89200,6,0],[89300,6,0],[89400,5,0]],"bpm":150,"changeBPM":false,"mustHitSection":true},{"lengthInSteps":16,"altAnim":false,"typeOfSection":0,"sectionNotes":[[90000,5,100],[90200,6,100],[90300,5,0],[90500,6,100],[90700,6,100],[90900,5,100],[89700,3,100],[90000,1,100],[90300,3,300],[91100,3,100]],"bpm":150,"changeBPM":false,"mustHitSection":true},{"lengthInSteps":16,"altAnim":false,"typeOfSection":0,"sectionNotes":[[91500,3,100],[91700,0,0],[92000,2,100],[92300,2,0],[92400,3,0],[92500,2,0],[92600,1,200],[91200,4,0],[91300,5,0],[91400,6,0],[91500,7,0],[91600,6,0],[91700,5,0],[91800,4,0],[91900,5,0],[92000,6,0],[92100,7,0],[92600,6,0],[92700,7,0]],"bpm":150,"changeBPM":false,"mustHitSection":true},{"lengthInSteps":16,"altAnim":false,"typeOfSection":0,"sectionNotes":[[92800,7,0],[92900,6,0],[93000,5,0],[93100,4,0],[93200,5,0],[93300,5,0],[93400,5,0],[93500,5,0],[93200,1,0],[93400,1,0],[93500,1,0],[93300,1,0],[93100,0,0],[93000,1,0],[92900,2,0],[92800,3,0],[93600,5,300],[93600,1,300],[94100,2,0],[94200,3,0]],"bpm":150,"changeBPM":false,"mustHitSection":true},{"lengthInSteps":16,"altAnim":false,"typeOfSection":0,"sectionNotes":[[94500,0,100],[94700,2,100],[95000,3,0],[95100,3,0],[95400,3,0],[95600,2,0],[95800,2,0],[95900,0,0]],"bpm":150,"changeBPM":false,"mustHitSection":true},{"lengthInSteps":16,"altAnim":false,"typeOfSection":0,"sectionNotes":[[96100,0,100],[96400,3,0],[96300,3,0],[96500,0,0],[96600,1,0],[96700,2,0],[96900,2,200],[96800,2,0],[97200,2,0],[97400,3,0],[97500,2,0]],"bpm":150,"changeBPM":false,"mustHitSection":true},{"lengthInSteps":16,"altAnim":false,"typeOfSection":0,"sectionNotes":[[97800,0,0],[97900,3,0],[97700,2,0],[98200,1,0],[98400,0,0],[98300,3,0],[98700,6,100],[98900,7,0],[99000,5,200]],"bpm":150,"changeBPM":false,"mustHitSection":true},{"lengthInSteps":16,"altAnim":false,"typeOfSection":0,"sectionNotes":[[99200,4,0],[99400,5,0],[99600,6,0],[99700,5,0],[99900,6,200],[100400,5,0],[100500,7,0],[100600,6,0],[100700,5,0]],"bpm":150,"changeBPM":false,"mustHitSection":true},{"lengthInSteps":16,"altAnim":false,"typeOfSection":0,"sectionNotes":[[100900,4,100],[101200,6,0],[101300,7,0],[101400,5,100],[101600,5,0],[101700,5,0]],"bpm":150,"changeBPM":false,"mustHitSection":true},{"lengthInSteps":16,"altAnim":false,"typeOfSection":0,"sectionNotes":[],"bpm":150,"changeBPM":false,"mustHitSection":true},{"lengthInSteps":16,"altAnim":false,"typeOfSection":0,"sectionNotes":[],"bpm":150,"changeBPM":false,"mustHitSection":true},{"lengthInSteps":16,"altAnim":false,"typeOfSection":0,"sectionNotes":[],"bpm":150,"changeBPM":false,"mustHitSection":true},{"lengthInSteps":16,"altAnim":false,"typeOfSection":0,"sectionNotes":[],"bpm":150,"changeBPM":false,"mustHitSection":true},{"lengthInSteps":16,"altAnim":false,"typeOfSection":0,"sectionNotes":[],"bpm":150,"changeBPM":false,"mustHitSection":true},{"lengthInSteps":16,"altAnim":false,"typeOfSection":0,"sectionNotes":[],"bpm":150,"changeBPM":false,"mustHitSection":true}],"cutsceneType":"none","song":"Tick-Tock","uiType":"normal","stage":"stage","validScore":true,"sections":0,"needsVoices":true,"gf":"gf","speed":1.6,"bpm":150}}