{"notes":[{"sectionNotes":[],"lengthInSteps":16,"typeOfSection":0,"mustHitSection":true},{"sectionNotes":[],"lengthInSteps":16,"typeOfSection":0,"mustHitSection":true},{"sectionNotes":[],"lengthInSteps":16,"typeOfSection":0,"mustHitSection":false},{"sectionNotes":[],"lengthInSteps":16,"typeOfSection":0,"mustHitSection":false},{"sectionNotes":[],"lengthInSteps":16,"typeOfSection":0,"mustHitSection":false},{"sectionNotes":[],"lengthInSteps":16,"typeOfSection":0,"mustHitSection":false},{"sectionNotes":[],"lengthInSteps":16,"typeOfSection":0,"mustHitSection":true},{"sectionNotes":[],"lengthInSteps":16,"typeOfSection":0,"mustHitSection":true},{"sectionNotes":[],"lengthInSteps":16,"typeOfSection":0,"mustHitSection":true},{"sectionNotes":[],"lengthInSteps":16,"typeOfSection":0,"mustHitSection":true},{"sectionNotes":[],"lengthInSteps":16,"typeOfSection":0,"mustHitSection":false},{"sectionNotes":[],"lengthInSteps":16,"typeOfSection":0,"mustHitSection":false},{"sectionNotes":[],"lengthInSteps":16,"typeOfSection":0,"mustHitSection":false},{"sectionNotes":[],"lengthInSteps":16,"typeOfSection":0,"mustHitSection":false},{"sectionNotes":[],"lengthInSteps":16,"typeOfSection":0,"mustHitSection":true},{"sectionNotes":[],"lengthInSteps":16,"typeOfSection":0,"mustHitSection":true},{"sectionNotes":[],"lengthInSteps":16,"typeOfSection":0,"mustHitSection":true},{"sectionNotes":[],"lengthInSteps":16,"typeOfSection":0,"mustHitSection":true},{"sectionNotes":[],"lengthInSteps":16,"typeOfSection":0,"mustHitSection":false},{"sectionNotes":[],"lengthInSteps":16,"typeOfSection":0,"mustHitSection":false},{"sectionNotes":[],"lengthInSteps":16,"typeOfSection":0,"mustHitSection":false},{"sectionNotes":[],"lengthInSteps":16,"typeOfSection":0,"mustHitSection":false},{"sectionNotes":[],"lengthInSteps":16,"typeOfSection":0,"mustHitSection":true},{"sectionNotes":[],"lengthInSteps":16,"typeOfSection":0,"mustHitSection":true},{"sectionNotes":[],"lengthInSteps":16,"typeOfSection":0,"mustHitSection":true},{"sectionNotes":[],"lengthInSteps":16,"typeOfSection":0,"mustHitSection":true},{"sectionNotes":[],"lengthInSteps":16,"typeOfSection":0,"mustHitSection":false},{"sectionNotes":[],"lengthInSteps":16,"typeOfSection":0,"mustHitSection":false},{"sectionNotes":[],"lengthInSteps":16,"typeOfSection":0,"mustHitSection":false},{"sectionNotes":[],"lengthInSteps":16,"typeOfSection":0,"mustHitSection":false},{"sectionNotes":[],"lengthInSteps":16,"typeOfSection":0,"mustHitSection":true},{"sectionNotes":[],"lengthInSteps":16,"typeOfSection":0,"mustHitSection":true},{"sectionNotes":[],"lengthInSteps":16,"typeOfSection":0,"mustHitSection":true},{"sectionNotes":[],"lengthInSteps":16,"typeOfSection":0,"mustHitSection":true},{"sectionNotes":[],"lengthInSteps":16,"typeOfSection":0,"mustHitSection":false},{"sectionNotes":[],"lengthInSteps":16,"typeOfSection":0,"mustHitSection":false},{"sectionNotes":[],"lengthInSteps":16,"typeOfSection":0,"mustHitSection":false},{"sectionNotes":[],"lengthInSteps":16,"typeOfSection":0,"mustHitSection":false},{"sectionNotes":[],"lengthInSteps":16,"typeOfSection":0,"mustHitSection":true},{"sectionNotes":[],"lengthInSteps":16,"typeOfSection":0,"mustHitSection":true},{"sectionNotes":[],"lengthInSteps":16,"typeOfSection":0,"mustHitSection":true},{"sectionNotes":[],"lengthInSteps":16,"typeOfSection":0,"mustHitSection":true},{"sectionNotes":[],"lengthInSteps":16,"typeOfSection":0,"mustHitSection":false},{"sectionNotes":[],"lengthInSteps":16,"typeOfSection":0,"mustHitSection":true},{"sectionNotes":[],"lengthInSteps":16,"typeOfSection":0,"mustHitSection":false},{"sectionNotes":[],"lengthInSteps":16,"typeOfSection":0,"mustHitSection":false},{"sectionNotes":[],"lengthInSteps":16,"typeOfSection":0,"mustHitSection":true},{"sectionNotes":[],"lengthInSteps":16,"typeOfSection":0,"mustHitSection":false},{"sectionNotes":[],"lengthInSteps":16,"typeOfSection":0,"mustHitSection":true},{"sectionNotes":[],"lengthInSteps":16,"typeOfSection":0,"mustHitSection":true},{"sectionNotes":[],"lengthInSteps":16,"typeOfSection":0,"mustHitSection":false},{"sectionNotes":[],"lengthInSteps":16,"typeOfSection":0,"mustHitSection":true},{"sectionNotes":[],"lengthInSteps":16,"typeOfSection":0,"mustHitSection":false},{"sectionNotes":[],"lengthInSteps":16,"typeOfSection":0,"mustHitSection":false},{"sectionNotes":[],"lengthInSteps":16,"typeOfSection":0,"mustHitSection":true},{"sectionNotes":[],"lengthInSteps":16,"typeOfSection":0,"mustHitSection":false},{"sectionNotes":[],"lengthInSteps":16,"typeOfSection":0,"mustHitSection":true},{"sectionNotes":[],"lengthInSteps":16,"typeOfSection":0,"mustHitSection":true},{"sectionNotes":[],"lengthInSteps":16,"typeOfSection":0,"mustHitSection":true},{"sectionNotes":[],"lengthInSteps":16,"typeOfSection":0,"mustHitSection":true},{"sectionNotes":[],"lengthInSteps":16,"typeOfSection":0,"mustHitSection":true},{"sectionNotes":[[10510.9489051095,2,0],[10729.9270072993,2,0],[10839.4160583942,2,0],[10948.9051094891,2,0],[11167.8832116788,3,0],[11386.8613138686,0,0],[11496.3503649635,2,0],[11605.8394160584,1,0],[11715.3284671533,3,0],[12043.795620438,2,0],[12262.7737226277,2,0],[12481.7518248175,2,0],[12591.2408759124,2,0],[12700.7299270073,2,0],[12919.7080291971,3,0],[13138.6861313869,0,0],[13248.1751824818,2,0],[13357.6642335766,1,0],[13467.1532846715,3,0],[13795.6204379562,2,0],[13905.1094890511,2,0],[14014.598540146,2,0],[14233.5766423358,2,0],[14343.0656934307,2,0],[14452.5547445255,2,0],[14671.5328467153,3,0],[14890.5109489051,1,0],[15000,0,0],[15218.9781021898,3,0],[15328.4671532847,1,0],[15437.9562043796,3,0],[15547.4452554745,2,0],[15766.4233576642,3,0],[15875.9124087591,1,0],[15985.401459854,3,0],[16094.8905109489,0,0],[16204.3795620438,1,0],[16313.8686131387,1,0],[16423.3576642336,0,0],[16532.8467153285,3,0],[16642.3357664234,0,0],[16751.8248175182,0,0],[16861.3138686131,3,0],[16970.802919708,3,0],[17080.2919708029,2,0],[17189.7810218978,1,0],[17299.2700729927,2,0],[22773.7226277372,3,438],[23211.6788321168,1,438],[23649.6350364964,0,0],[23868.6131386861,0,0],[23978.102189781,0,0],[24087.5912408759,2,0],[24306.5693430657,2,0],[24525.5474452555,1,0],[24744.5255474453,3,0],[24854.0145985401,0,0],[24963.503649635,1,0],[25072.9927007299,0,0],[25182.4817518248,1,0],[25291.9708029197,3,0],[25401.4598540146,2,0],[25620.4379562044,2,0],[25729.9270072993,2,0],[25948.905109489,3,0],[26167.8832116788,2,0],[26496.3503649635,3,0],[26605.8394160584,0,0],[26715.3284671533,1,0],[26824.8175182482,0,0],[26934.3065693431,1,0],[27043.795620438,3,0],[27153.2846715328,1,0],[27262.7737226277,2,0],[27372.2627737226,2,0],[27481.7518248175,1,0],[27591.2408759124,0,0],[27700.7299270073,2,0],[27810.2189781022,3,0],[27919.7080291971,1,0],[28248.1751824818,3,0],[28357.6642335766,0,0],[28467.1532846715,1,0],[28576.6423357664,0,0],[28686.1313868613,1,0],[28795.6204379562,3,0],[28905.1094890511,2,0],[29124.0875912409,2,0],[29233.5766423358,2,0],[29452.5547445255,3,0],[29671.5328467153,2,0],[29781.0218978102,1,0],[29890.5109489051,2,0],[30000,1,0],[30109.4890510949,3,0],[30218.9781021898,2,0],[30437.9562043796,0,0],[30656.9343065693,2,0],[30766.4233576642,0,0],[30875.9124087591,3,0],[30985.401459854,1,0],[31094.8905109489,0,0],[31204.3795620438,3,0],[31313.8686131387,1,0],[31423.3576642336,2,0],[38540.1459854015,2,0],[38649.6350364964,0,0],[38759.1240875912,1,0],[38868.6131386861,3,0],[38978.102189781,2,0],[39197.0802919708,1,0],[39416.0583941606,0,0],[39635.0364963504,1,0],[39854.0145985401,3,328],[40182.4817518248,0,0],[40510.9489051095,2,0],[40620.4379562044,2,0],[40729.9270072993,0,0],[40839.4160583942,2,0],[40948.9051094891,1,0],[41058.3941605839,3,0],[41167.8832116788,2,0],[41386.8613138686,0,0],[41496.3503649635,0,0],[41605.8394160584,3,0],[41715.3284671533,0,0],[41824.8175182482,1,0],[42043.795620438,1,0],[42262.7737226277,1,0],[42481.7518248175,3,0],[42700.7299270073,3,0],[42810.2189781022,2,328],[43138.6861313869,2,0],[43248.1751824818,0,0],[43357.6642335766,3,0],[43576.6423357664,0,0],[43795.6204379562,2,0],[43905.1094890511,1,0],[44014.598540146,0,0],[44124.0875912409,3,0],[44233.5766423358,1,0],[44343.0656934307,0,0],[44452.5547445256,3,0],[44562.0437956204,2,0],[44671.5328467153,3,0],[44890.5109489051,1,0],[45000,1,0],[45109.4890510949,0,0],[45328.4671532847,2,0],[45547.4452554744,3,657],[46204.3795620438,0,0],[46642.3357664234,0,0],[46861.3138686131,2,0],[47080.2919708029,0,0],[47518.2481751825,0,0],[47956.204379562,0,0],[48394.1605839416,0,0],[48613.1386861314,2,0],[48832.1167883212,0,0],[49270.0729927007,0,0],[49708.0291970803,0,0],[50145.9854014599,0,0],[50364.9635036496,2,0],[50583.9416058394,0,0],[51021.897810219,0,0],[51459.8540145985,0,0],[51897.8102189781,0,0],[52116.7883211679,2,0],[52335.7664233577,3,0],[52554.7445255474,2,657],[53211.6788321168,1,0],[53321.1678832117,0,0],[53430.6569343066,0,0],[53540.1459854015,3,0],[53759.1240875912,0,0],[53868.6131386861,2,0],[54197.0802919708,1,0],[54306.5693430657,2,0],[54416.0583941606,2,0],[54525.5474452555,2,0],[54744.5255474453,0,0],[54963.503649635,1,0],[55072.9927007299,0,0],[55182.4817518248,0,0],[55291.9708029197,3,0],[55510.9489051095,0,0],[55620.4379562044,2,0],[55948.9051094891,1,0],[56058.3941605839,1,0],[56167.8832116788,1,0],[56277.3722627737,1,0],[56496.3503649635,3,0],[56715.3284671533,1,0],[56824.8175182482,0,0],[56934.3065693431,0,0],[57043.795620438,3,0],[57262.7737226277,0,0],[57372.2627737226,2,0],[57700.7299270073,0,0],[57810.2189781022,0,0],[57919.7080291971,0,0],[58029.197080292,0,0],[58138.6861313869,1,0],[58248.1751824818,3,0],[58357.6642335766,2,0],[58467.1532846715,0,0],[58576.6423357664,1,0],[58686.1313868613,3,0],[58795.6204379562,0,0],[58905.1094890511,3,0],[59014.598540146,2,0],[59124.0875912409,0,0],[59343.0656934307,1,0],[59562.0437956204,0,766],[66569.3430656934,2,0],[66678.8321167883,0,0],[66788.3211678832,1,0],[66897.8102189781,3,0],[67007.299270073,2,0],[67226.2773722628,1,0],[67445.2554744526,0,0],[67664.2335766423,1,0],[67883.2116788321,3,328],[68211.6788321168,0,0],[68540.1459854015,2,0],[68649.6350364963,2,0],[68759.1240875912,0,0],[68868.6131386861,2,0],[68978.102189781,1,0],[69087.5912408759,3,0],[69197.0802919708,2,0],[69416.0583941606,0,0],[69525.5474452555,0,0],[69635.0364963504,3,0],[69744.5255474453,0,0],[69854.0145985401,1,0],[70072.9927007299,1,0],[70291.9708029197,1,0],[70510.9489051095,3,0],[70729.9270072993,3,0],[70839.4160583942,2,328],[71167.8832116788,2,0],[71277.3722627737,0,0],[71386.8613138686,3,0],[71605.8394160584,0,0],[71824.8175182482,2,0],[71934.3065693431,1,0],[72043.795620438,0,0],[72153.2846715328,3,0],[72262.7737226277,1,0],[72372.2627737226,0,0],[72481.7518248175,3,0],[72591.2408759124,2,0],[72700.7299270073,3,0],[72919.7080291971,1,0],[73029.197080292,1,0],[73138.6861313869,0,0],[73357.6642335766,2,0],[73576.6423357664,3,1095],[74890.5109489051,2,438],[75328.4671532847,0,0],[75766.4233576642,0,0],[75985.401459854,1,0],[76423.3576642336,1,0],[76642.3357664234,3,438],[77080.2919708029,2,438],[77518.2481751825,0,438],[77956.204379562,1,438],[78394.1605839416,0,438],[78832.1167883212,2,438],[79270.0729927007,0,438],[79708.0291970803,1,438],[80145.9854014599,0,0],[80255.4744525547,1,0],[80364.9635036496,3,0],[80474.4525547445,2,0],[80583.9416058394,0,1095],[81897.8102189781,1,438],[82335.7664233577,3,438],[82992.700729927,2,438],[83649.6350364963,3,0],[83759.1240875912,0,0],[83868.6131386861,2,219],[84087.5912408759,0,219],[84306.5693430657,1,0],[84416.0583941606,0,0],[84525.5474452555,2,0],[84635.0364963504,0,0],[84744.5255474453,3,0],[84854.0145985401,0,0],[84963.503649635,2,0],[85072.9927007299,0,0],[85182.4817518248,3,0],[85291.9708029197,0,0],[85401.4598540146,2,0],[85510.9489051095,0,0],[85620.4379562044,1,0],[85729.9270072993,0,0],[85839.4160583942,0,219],[86058.3941605839,1,0],[86167.8832116788,0,0],[86277.3722627737,2,0],[86386.8613138686,0,0],[86496.3503649635,3,0],[86605.8394160584,0,0],[86715.3284671533,2,0],[86824.8175182482,0,0],[86934.3065693431,3,0],[87043.795620438,0,0],[87153.2846715328,1,0],[87262.7737226277,3,0],[87372.2627737226,0,0],[87481.7518248175,2,0],[87591.2408759124,3,0],[87810.2189781022,2,0],[88029.197080292,0,0],[88248.1751824817,1,438],[88905.1094890511,2,0],[89124.0875912409,0,0],[89343.0656934307,1,0],[89562.0437956204,0,0],[89781.0218978102,1,0],[90000,2,0],[90437.9562043796,2,0],[90656.9343065693,3,0],[90766.4233576642,0,0],[90875.9124087591,1,0],[90985.401459854,3,0],[91094.8905109489,2,0],[91313.8686131387,2,0],[91532.8467153285,0,328],[91861.3138686131,1,0],[92080.2919708029,1,0],[92189.7810218978,1,0],[92408.7591240876,0,0],[92627.7372262774,0,0],[92737.2262773723,0,0],[92846.7153284672,2,0],[93065.6934306569,2,0],[93284.6715328467,0,328],[93613.1386861314,1,0],[93832.1167883212,1,0],[93941.6058394161,1,0],[94160.5839416058,0,0],[94270.0729927007,1,0],[94379.5620437956,3,0],[94489.0510948905,2,0],[94598.5401459854,0,1095],[95912.4087591241,1,0],[96131.3868613139,2,0],[96350.3649635037,3,438],[97007.299270073,1,219],[97226.2773722628,1,219],[97664.2335766423,3,0],[97773.7226277372,0,0],[97883.2116788321,2,219],[98102.1897810219,0,219],[98321.1678832117,1,0],[98430.6569343066,0,0],[98540.1459854015,2,0],[98649.6350364963,0,0],[98759.1240875912,3,0],[98868.6131386861,0,0],[98978.102189781,2,0],[99087.5912408759,0,0],[99197.0802919708,3,0],[99306.5693430657,0,0],[99416.0583941606,2,0],[99525.5474452555,0,0],[99635.0364963504,1,0],[99744.5255474453,0,0],[99854.0145985401,0,219],[100072.99270073,1,0],[100182.481751825,0,0],[100291.97080292,2,0],[100401.459854015,0,0],[100510.948905109,3,0],[100620.437956204,0,0],[100729.927007299,2,0],[100839.416058394,0,0],[100948.905109489,3,0],[101058.394160584,0,0],[101167.883211679,2,0],[101277.372262774,0,0],[101386.861313869,1,0],[101496.350364964,0,0],[101605.839416058,2,876]],"lengthInSteps":16,"typeOfSection":0,"mustHitSection":true},{"sectionNotes":[[3503.6496350365,2,0],[3722.62773722628,2,0],[3832.11678832117,2,0],[3941.60583941606,2,0],[4160.58394160584,3,0],[4379.56204379562,0,0],[4489.05109489051,2,0],[4598.5401459854,1,0],[4708.02919708029,3,0],[5036.49635036496,2,0],[5255.47445255474,2,0],[5474.45255474453,2,0],[5583.94160583942,2,0],[5693.43065693431,2,0],[5912.40875912409,3,0],[6131.38686131387,0,0],[6240.87591240876,2,0],[6350.36496350365,1,0],[6459.85401459854,3,0],[6788.32116788321,2,0],[6897.8102189781,2,0],[7007.29927007299,2,0],[7226.27737226277,2,0],[7335.76642335766,2,0],[7445.25547445256,2,0],[7664.23357664234,3,0],[7883.21167883212,1,0],[7992.70072992701,0,0],[8211.67883211679,3,0],[8321.16788321168,1,0],[8430.65693430657,3,0],[8540.14598540146,2,0],[8759.12408759124,3,0],[8868.61313868613,1,0],[8978.10218978102,3,0],[9087.59124087591,0,0],[9197.0802919708,1,0],[9306.56934306569,1,0],[9416.05839416058,0,0],[9525.54744525547,3,0],[9635.03649635037,0,0],[9744.52554744526,0,0],[9854.01459854015,3,0],[9963.50364963504,3,0],[10072.9927007299,2,0],[10182.4817518248,1,0],[10291.9708029197,2,0],[15766.4233576642,3,438],[16204.3795620438,1,438],[16642.3357664234,0,0],[16861.3138686131,0,0],[16970.802919708,0,0],[17080.2919708029,2,0],[17299.2700729927,2,0],[17518.2481751825,1,0],[17737.2262773723,3,0],[17846.7153284672,0,0],[17956.204379562,1,0],[18065.6934306569,0,0],[18175.1824817518,1,0],[18284.6715328467,3,0],[18394.1605839416,2,0],[18613.1386861314,2,0],[18722.6277372263,2,0],[18941.6058394161,3,0],[19160.5839416058,2,0],[19489.0510948905,3,0],[19598.5401459854,0,0],[19708.0291970803,1,0],[19817.5182481752,0,0],[19927.0072992701,1,0],[20036.496350365,3,0],[20145.9854014599,1,0],[20255.4744525547,2,0],[20364.9635036496,2,0],[20474.4525547445,1,0],[20583.9416058394,0,0],[20693.4306569343,2,0],[20802.9197080292,3,0],[20912.4087591241,1,0],[21240.8759124088,3,0],[21350.3649635036,0,0],[21459.8540145985,1,0],[21569.3430656934,0,0],[21678.8321167883,1,0],[21788.3211678832,3,0],[21897.8102189781,2,0],[22116.7883211679,2,0],[22226.2773722628,2,0],[22445.2554744526,3,0],[22664.2335766423,2,0],[22773.7226277372,1,0],[22883.2116788321,2,0],[22992.700729927,1,0],[23102.1897810219,3,0],[23211.6788321168,2,0],[23430.6569343066,0,0],[23649.6350364964,2,0],[23759.1240875912,0,0],[23868.6131386861,3,0],[23978.102189781,1,0],[24087.5912408759,0,0],[24197.0802919708,3,0],[24306.5693430657,1,0],[24416.0583941606,2,0],[31532.8467153285,2,0],[31642.3357664234,0,0],[31751.8248175182,1,0],[31861.3138686131,3,0],[31970.802919708,2,0],[32189.7810218978,1,0],[32408.7591240876,0,0],[32627.7372262774,1,0],[32846.7153284672,3,328],[33175.1824817518,0,0],[33503.6496350365,2,0],[33613.1386861314,2,0],[33722.6277372263,0,0],[33832.1167883212,2,0],[33941.6058394161,1,0],[34051.0948905109,3,0],[34160.5839416058,2,0],[34379.5620437956,0,0],[34489.0510948905,0,0],[34598.5401459854,3,0],[34708.0291970803,0,0],[34817.5182481752,1,0],[35036.496350365,1,0],[35255.4744525547,1,0],[35474.4525547445,3,0],[35693.4306569343,3,0],[35802.9197080292,2,328],[36131.3868613139,2,0],[36240.8759124088,0,0],[36350.3649635036,3,0],[36569.3430656934,0,0],[36788.3211678832,2,0],[36897.8102189781,1,0],[37007.299270073,0,0],[37116.7883211679,3,0],[37226.2773722628,1,0],[37335.7664233577,0,0],[37445.2554744526,3,0],[37554.7445255474,2,0],[37664.2335766423,3,0],[37883.2116788321,1,0],[37992.700729927,1,0],[38102.1897810219,0,0],[38321.1678832117,2,0],[38540.1459854015,2,438],[38978.102189781,3,438],[39416.0583941606,1,438],[39854.0145985401,0,328],[40182.4817518248,1,0],[41167.8832116788,3,219],[41386.8613138686,1,0],[41496.3503649635,1,0],[41605.8394160584,0,0],[41715.3284671533,0,0],[41824.8175182482,0,0],[42043.795620438,1,438],[42481.7518248175,2,328],[42810.2189781022,2,438],[43248.1751824818,2,0],[43357.6642335766,2,0],[43576.6423357664,0,0],[45547.4452554744,0,657],[46204.3795620438,1,0],[46313.8686131387,0,0],[46423.3576642336,0,0],[46532.8467153285,3,0],[46751.8248175182,0,0],[46861.3138686131,2,0],[47189.7810218978,1,0],[47299.2700729927,2,0],[47408.7591240876,2,0],[47518.2481751825,2,0],[47737.2262773723,0,0],[47956.204379562,1,0],[48065.6934306569,0,0],[48175.1824817518,0,0],[48284.6715328467,3,0],[48503.6496350365,0,0],[48613.1386861314,2,0],[48941.6058394161,1,0],[49051.0948905109,1,0],[49160.5839416058,1,0],[49270.0729927007,1,0],[49489.0510948905,3,0],[49708.0291970803,1,0],[49817.5182481752,0,0],[49927.0072992701,0,0],[50036.496350365,3,0],[50255.4744525547,0,0],[50364.9635036496,2,0],[50693.4306569343,0,0],[50802.9197080292,0,0],[50912.4087591241,0,0],[51021.897810219,0,0],[51131.3868613139,1,0],[51240.8759124088,3,0],[51350.3649635036,2,0],[51459.8540145985,0,0],[51569.3430656934,1,0],[51678.8321167883,3,0],[51788.3211678832,0,0],[51897.8102189781,3,0],[52007.299270073,2,0],[52116.7883211679,0,0],[52335.7664233577,1,0],[52554.7445255474,0,328],[53211.6788321168,2,0],[53649.6350364964,2,0],[53868.6131386861,0,0],[54087.5912408759,2,0],[54525.5474452555,2,0],[54963.503649635,2,0],[55401.4598540146,2,0],[55620.4379562044,0,0],[55839.4160583942,2,0],[56277.3722627737,2,0],[56715.3284671533,2,0],[57153.2846715328,2,0],[57372.2627737226,0,0],[57591.2408759124,2,0],[58029.197080292,2,0],[58467.1532846715,2,0],[58905.1094890511,2,0],[59124.0875912409,0,0],[59343.0656934307,3,0],[59562.0437956204,2,0],[59671.5328467153,0,0],[59781.0218978102,1,0],[59890.5109489051,3,0],[60000,2,0],[60218.9781021898,1,0],[60437.9562043796,0,0],[60656.9343065693,1,0],[60875.9124087591,3,328],[61204.3795620438,0,0],[61532.8467153285,2,0],[61642.3357664234,2,0],[61751.8248175182,0,0],[61861.3138686131,2,0],[61970.802919708,1,0],[62080.2919708029,3,0],[62189.7810218978,2,0],[62408.7591240876,0,0],[62518.2481751825,0,0],[62627.7372262774,3,0],[62737.2262773723,0,0],[62846.7153284672,1,0],[63065.6934306569,1,0],[63284.6715328467,1,0],[63503.6496350365,3,0],[63722.6277372263,3,0],[63832.1167883212,2,328],[64160.5839416058,2,0],[64270.0729927007,0,0],[64379.5620437956,3,0],[64598.5401459854,0,0],[64817.5182481752,2,0],[64927.0072992701,1,0],[65036.496350365,0,0],[65145.9854014599,3,0],[65255.4744525547,1,0],[65364.9635036496,0,0],[65474.4525547445,3,0],[65583.9416058394,2,0],[65693.4306569343,3,0],[65912.4087591241,1,0],[66021.897810219,1,0],[66131.3868613139,0,0],[66350.3649635037,2,0],[66569.3430656934,2,438],[67007.299270073,3,438],[67445.2554744526,1,438],[67883.2116788321,0,328],[68211.6788321168,1,0],[69197.0802919708,3,219],[69416.0583941606,1,0],[69525.5474452555,1,0],[69635.0364963504,0,0],[69744.5255474453,0,0],[69854.0145985401,0,0],[70072.9927007299,1,438],[70510.9489051095,2,328],[70839.4160583942,2,438],[71277.3722627737,2,0],[71386.8613138686,2,0],[71605.8394160584,0,0],[73576.6423357664,2,1095],[74890.5109489051,3,438],[75328.4671532847,1,438],[75985.401459854,0,438],[76642.3357664234,2,438],[77080.2919708029,0,219],[77299.2700729927,1,0],[77408.7591240876,0,0],[77518.2481751825,2,0],[77627.7372262774,0,0],[77737.2262773723,3,0],[77846.7153284672,0,0],[77956.204379562,2,0],[78065.6934306569,0,0],[78175.1824817518,3,0],[78284.6715328467,0,0],[78394.1605839416,2,0],[78503.6496350365,0,0],[78613.1386861314,1,0],[78722.6277372263,0,0],[78832.1167883212,0,219],[79051.094890511,1,0],[79160.5839416058,0,0],[79270.0729927007,2,0],[79379.5620437956,0,0],[79489.0510948905,3,0],[79598.5401459854,0,0],[79708.0291970803,2,0],[79817.5182481752,0,0],[79927.0072992701,3,0],[80036.496350365,0,0],[80145.9854014599,2,0],[80255.4744525547,0,0],[80364.9635036496,1,0],[80474.4525547445,0,0],[80583.9416058394,0,1095],[81897.8102189781,2,438],[82335.7664233577,0,0],[82773.7226277372,0,0],[82992.700729927,1,0],[83430.6569343066,1,0],[83649.6350364963,3,438],[84087.5912408759,2,438],[84525.5474452555,0,438],[84963.503649635,1,438],[85401.4598540146,0,438],[85839.4160583942,2,438],[86277.3722627737,0,438],[86715.3284671533,1,438],[87153.2846715328,0,0],[87262.7737226277,2,0],[87372.2627737226,3,0],[87481.7518248175,1,0],[87591.2408759124,2,1095],[88905.1094890511,1,219],[89124.0875912409,3,219],[89343.0656934307,0,438],[90000,1,219],[90218.9781021898,1,219],[90656.9343065693,3,438],[91094.8905109489,0,219],[91313.8686131387,1,0],[91423.3576642336,0,0],[91532.8467153285,2,0],[91642.3357664234,0,0],[91751.8248175183,3,0],[91861.3138686131,0,0],[91970.802919708,2,0],[92080.2919708029,0,0],[92189.7810218978,3,0],[92299.2700729927,0,0],[92408.7591240876,2,0],[92518.2481751825,0,0],[92627.7372262774,1,0],[92737.2262773723,0,0],[92846.7153284672,0,219],[93065.6934306569,1,0],[93175.1824817518,0,0],[93284.6715328467,2,0],[93394.1605839416,0,0],[93503.6496350365,3,0],[93613.1386861314,0,0],[93722.6277372263,2,0],[93832.1167883212,0,0],[93941.6058394161,3,0],[94051.094890511,0,0],[94160.5839416058,2,0],[94270.0729927007,0,0],[94379.5620437956,1,0],[94489.0510948905,0,0],[94598.5401459854,0,1095],[95912.4087591241,3,438],[96350.3649635037,1,0],[96569.3430656934,0,0],[96788.3211678832,1,0],[97007.299270073,2,0],[97445.2554744526,2,0],[97664.2335766423,3,0],[97773.7226277372,0,0],[97883.2116788321,1,0],[97992.700729927,3,0],[98102.1897810219,2,0],[98321.1678832117,2,0],[98540.1459854015,0,328],[98868.6131386861,1,0],[99087.5912408759,1,0],[99197.0802919708,1,0],[99416.0583941606,0,0],[99635.0364963504,0,0],[99744.5255474453,0,0],[99854.0145985401,2,0],[100072.99270073,2,0],[100291.97080292,0,328],[100620.437956204,1,0],[100839.416058394,1,0],[100948.905109489,1,0],[101167.883211679,1,0],[101277.372262774,2,0],[101386.861313869,0,0],[101496.350364964,3,0],[101605.839416058,2,876]],"lengthInSteps":16,"typeOfSection":0,"mustHitSection":false},{"lengthInSteps":16,"altAnim":false,"typeOfSection":0,"sectionNotes":[],"bpm":137,"changeBPM":false,"mustHitSection":true}],"sections":64,"bpm":137,"song":{"isMoody":false,"sectionLengths":[],"player1":"bf-car","player2":"sam","notes":[{"sectionNotes":[],"lengthInSteps":16,"typeOfSection":0,"mustHitSection":true},{"sectionNotes":[],"lengthInSteps":16,"typeOfSection":0,"mustHitSection":true},{"sectionNotes":[],"lengthInSteps":16,"typeOfSection":0,"mustHitSection":false},{"sectionNotes":[],"lengthInSteps":16,"typeOfSection":0,"mustHitSection":false},{"sectionNotes":[],"lengthInSteps":16,"typeOfSection":0,"mustHitSection":false},{"sectionNotes":[],"lengthInSteps":16,"typeOfSection":0,"mustHitSection":false},{"sectionNotes":[],"lengthInSteps":16,"typeOfSection":0,"mustHitSection":true},{"sectionNotes":[],"lengthInSteps":16,"typeOfSection":0,"mustHitSection":true},{"sectionNotes":[],"lengthInSteps":16,"typeOfSection":0,"mustHitSection":true},{"sectionNotes":[],"lengthInSteps":16,"typeOfSection":0,"mustHitSection":true},{"sectionNotes":[],"lengthInSteps":16,"typeOfSection":0,"mustHitSection":false},{"sectionNotes":[],"lengthInSteps":16,"typeOfSection":0,"mustHitSection":false},{"sectionNotes":[],"lengthInSteps":16,"typeOfSection":0,"mustHitSection":false},{"sectionNotes":[],"lengthInSteps":16,"typeOfSection":0,"mustHitSection":false},{"sectionNotes":[],"lengthInSteps":16,"typeOfSection":0,"mustHitSection":true},{"sectionNotes":[],"lengthInSteps":16,"typeOfSection":0,"mustHitSection":true},{"sectionNotes":[],"lengthInSteps":16,"typeOfSection":0,"mustHitSection":true},{"sectionNotes":[],"lengthInSteps":16,"typeOfSection":0,"mustHitSection":true},{"sectionNotes":[],"lengthInSteps":16,"typeOfSection":0,"mustHitSection":false},{"sectionNotes":[],"lengthInSteps":16,"typeOfSection":0,"mustHitSection":false},{"sectionNotes":[],"lengthInSteps":16,"typeOfSection":0,"mustHitSection":false},{"sectionNotes":[],"lengthInSteps":16,"typeOfSection":0,"mustHitSection":false},{"sectionNotes":[],"lengthInSteps":16,"typeOfSection":0,"mustHitSection":true},{"sectionNotes":[],"lengthInSteps":16,"typeOfSection":0,"mustHitSection":true},{"sectionNotes":[],"lengthInSteps":16,"typeOfSection":0,"mustHitSection":true},{"sectionNotes":[],"lengthInSteps":16,"typeOfSection":0,"mustHitSection":true},{"sectionNotes":[],"lengthInSteps":16,"typeOfSection":0,"mustHitSection":false},{"sectionNotes":[],"lengthInSteps":16,"typeOfSection":0,"mustHitSection":false},{"sectionNotes":[],"lengthInSteps":16,"typeOfSection":0,"mustHitSection":false},{"sectionNotes":[],"lengthInSteps":16,"typeOfSection":0,"mustHitSection":false},{"sectionNotes":[],"lengthInSteps":16,"typeOfSection":0,"mustHitSection":true},{"sectionNotes":[],"lengthInSteps":16,"typeOfSection":0,"mustHitSection":true},{"sectionNotes":[],"lengthInSteps":16,"typeOfSection":0,"mustHitSection":true},{"sectionNotes":[],"lengthInSteps":16,"typeOfSection":0,"mustHitSection":true},{"sectionNotes":[],"lengthInSteps":16,"typeOfSection":0,"mustHitSection":false},{"sectionNotes":[],"lengthInSteps":16,"typeOfSection":0,"mustHitSection":false},{"sectionNotes":[],"lengthInSteps":16,"typeOfSection":0,"mustHitSection":false},{"sectionNotes":[],"lengthInSteps":16,"typeOfSection":0,"mustHitSection":false},{"sectionNotes":[],"lengthInSteps":16,"typeOfSection":0,"mustHitSection":true},{"sectionNotes":[],"lengthInSteps":16,"typeOfSection":0,"mustHitSection":true},{"sectionNotes":[],"lengthInSteps":16,"typeOfSection":0,"mustHitSection":true},{"sectionNotes":[],"lengthInSteps":16,"typeOfSection":0,"mustHitSection":true},{"sectionNotes":[],"lengthInSteps":16,"typeOfSection":0,"mustHitSection":false},{"sectionNotes":[],"lengthInSteps":16,"typeOfSection":0,"mustHitSection":true},{"sectionNotes":[],"lengthInSteps":16,"typeOfSection":0,"mustHitSection":false},{"sectionNotes":[],"lengthInSteps":16,"typeOfSection":0,"mustHitSection":false},{"sectionNotes":[],"lengthInSteps":16,"typeOfSection":0,"mustHitSection":true},{"sectionNotes":[],"lengthInSteps":16,"typeOfSection":0,"mustHitSection":false},{"sectionNotes":[],"lengthInSteps":16,"typeOfSection":0,"mustHitSection":true},{"sectionNotes":[],"lengthInSteps":16,"typeOfSection":0,"mustHitSection":true},{"sectionNotes":[],"lengthInSteps":16,"typeOfSection":0,"mustHitSection":false},{"sectionNotes":[],"lengthInSteps":16,"typeOfSection":0,"mustHitSection":true},{"sectionNotes":[],"lengthInSteps":16,"typeOfSection":0,"mustHitSection":false},{"sectionNotes":[],"lengthInSteps":16,"typeOfSection":0,"mustHitSection":false},{"sectionNotes":[],"lengthInSteps":16,"typeOfSection":0,"mustHitSection":true},{"sectionNotes":[],"lengthInSteps":16,"typeOfSection":0,"mustHitSection":false},{"sectionNotes":[],"lengthInSteps":16,"typeOfSection":0,"mustHitSection":true},{"sectionNotes":[],"lengthInSteps":16,"typeOfSection":0,"mustHitSection":true},{"sectionNotes":[],"lengthInSteps":16,"typeOfSection":0,"mustHitSection":true},{"sectionNotes":[],"lengthInSteps":16,"typeOfSection":0,"mustHitSection":true},{"sectionNotes":[],"lengthInSteps":16,"typeOfSection":0,"mustHitSection":true},{"sectionNotes":[[10510.9489051095,2,0],[10729.9270072993,2,0],[10839.4160583942,2,0],[10948.9051094891,2,0],[11167.8832116788,3,0],[11386.8613138686,0,0],[11496.3503649635,2,0],[11605.8394160584,1,0],[11715.3284671533,3,0],[12043.795620438,2,0],[12262.7737226277,2,0],[12481.7518248175,2,0],[12591.2408759124,2,0],[12700.7299270073,2,0],[12919.7080291971,3,0],[13138.6861313869,0,0],[13248.1751824818,2,0],[13357.6642335766,1,0],[13467.1532846715,3,0],[13795.6204379562,2,0],[13905.1094890511,2,0],[14014.598540146,2,0],[14233.5766423358,2,0],[14343.0656934307,2,0],[14452.5547445255,2,0],[14671.5328467153,3,0],[14890.5109489051,1,0],[15000,0,0],[15218.9781021898,3,0],[15328.4671532847,1,0],[15437.9562043796,3,0],[15547.4452554745,2,0],[15766.4233576642,3,0],[15875.9124087591,1,0],[15985.401459854,3,0],[16094.8905109489,0,0],[16204.3795620438,1,0],[16313.8686131387,1,0],[16423.3576642336,0,0],[16532.8467153285,3,0],[16642.3357664234,0,0],[16751.8248175182,0,0],[16861.3138686131,3,0],[16970.802919708,3,0],[17080.2919708029,2,0],[17189.7810218978,1,0],[17299.2700729927,2,0],[22773.7226277372,3,438],[23211.6788321168,1,438],[23649.6350364964,0,0],[23868.6131386861,0,0],[23978.102189781,0,0],[24087.5912408759,2,0],[24306.5693430657,2,0],[24525.5474452555,1,0],[24744.5255474453,3,0],[24854.0145985401,0,0],[24963.503649635,1,0],[25072.9927007299,0,0],[25182.4817518248,1,0],[25291.9708029197,3,0],[25401.4598540146,2,0],[25620.4379562044,2,0],[25729.9270072993,2,0],[25948.905109489,3,0],[26167.8832116788,2,0],[26496.3503649635,3,0],[26605.8394160584,0,0],[26715.3284671533,1,0],[26824.8175182482,0,0],[26934.3065693431,1,0],[27043.795620438,3,0],[27153.2846715328,1,0],[27262.7737226277,2,0],[27372.2627737226,2,0],[27481.7518248175,1,0],[27591.2408759124,0,0],[27700.7299270073,2,0],[27810.2189781022,3,0],[27919.7080291971,1,0],[28248.1751824818,3,0],[28357.6642335766,0,0],[28467.1532846715,1,0],[28576.6423357664,0,0],[28686.1313868613,1,0],[28795.6204379562,3,0],[28905.1094890511,2,0],[29124.0875912409,2,0],[29233.5766423358,2,0],[29452.5547445255,3,0],[29671.5328467153,2,0],[29781.0218978102,1,0],[29890.5109489051,2,0],[30000,1,0],[30109.4890510949,3,0],[30218.9781021898,2,0],[30437.9562043796,0,0],[30656.9343065693,2,0],[30766.4233576642,0,0],[30875.9124087591,3,0],[30985.401459854,1,0],[31094.8905109489,0,0],[31204.3795620438,3,0],[31313.8686131387,1,0],[31423.3576642336,2,0],[38540.1459854015,2,0],[38649.6350364964,0,0],[38759.1240875912,1,0],[38868.6131386861,3,0],[38978.102189781,2,0],[39197.0802919708,1,0],[39416.0583941606,0,0],[39635.0364963504,1,0],[39854.0145985401,3,328],[40182.4817518248,0,0],[40510.9489051095,2,0],[40620.4379562044,2,0],[40729.9270072993,0,0],[40839.4160583942,2,0],[40948.9051094891,1,0],[41058.3941605839,3,0],[41167.8832116788,2,0],[41386.8613138686,0,0],[41496.3503649635,0,0],[41605.8394160584,3,0],[41715.3284671533,0,0],[41824.8175182482,1,0],[42043.795620438,1,0],[42262.7737226277,1,0],[42481.7518248175,3,0],[42700.7299270073,3,0],[42810.2189781022,2,328],[43138.6861313869,2,0],[43248.1751824818,0,0],[43357.6642335766,3,0],[43576.6423357664,0,0],[43795.6204379562,2,0],[43905.1094890511,1,0],[44014.598540146,0,0],[44124.0875912409,3,0],[44233.5766423358,1,0],[44343.0656934307,0,0],[44452.5547445256,3,0],[44562.0437956204,2,0],[44671.5328467153,3,0],[44890.5109489051,1,0],[45000,1,0],[45109.4890510949,0,0],[45328.4671532847,2,0],[45547.4452554744,3,657],[46204.3795620438,0,0],[46642.3357664234,0,0],[46861.3138686131,2,0],[47080.2919708029,0,0],[47518.2481751825,0,0],[47956.204379562,0,0],[48394.1605839416,0,0],[48613.1386861314,2,0],[48832.1167883212,0,0],[49270.0729927007,0,0],[49708.0291970803,0,0],[50145.9854014599,0,0],[50364.9635036496,2,0],[50583.9416058394,0,0],[51021.897810219,0,0],[51459.8540145985,0,0],[51897.8102189781,0,0],[52116.7883211679,2,0],[52335.7664233577,3,0],[52554.7445255474,2,657],[53211.6788321168,1,0],[53321.1678832117,0,0],[53430.6569343066,0,0],[53540.1459854015,3,0],[53759.1240875912,0,0],[53868.6131386861,2,0],[54197.0802919708,1,0],[54306.5693430657,2,0],[54416.0583941606,2,0],[54525.5474452555,2,0],[54744.5255474453,0,0],[54963.503649635,1,0],[55072.9927007299,0,0],[55182.4817518248,0,0],[55291.9708029197,3,0],[55510.9489051095,0,0],[55620.4379562044,2,0],[55948.9051094891,1,0],[56058.3941605839,1,0],[56167.8832116788,1,0],[56277.3722627737,1,0],[56496.3503649635,3,0],[56715.3284671533,1,0],[56824.8175182482,0,0],[56934.3065693431,0,0],[57043.795620438,3,0],[57262.7737226277,0,0],[57372.2627737226,2,0],[57700.7299270073,0,0],[57810.2189781022,0,0],[57919.7080291971,0,0],[58029.197080292,0,0],[58138.6861313869,1,0],[58248.1751824818,3,0],[58357.6642335766,2,0],[58467.1532846715,0,0],[58576.6423357664,1,0],[58686.1313868613,3,0],[58795.6204379562,0,0],[58905.1094890511,3,0],[59014.598540146,2,0],[59124.0875912409,0,0],[59343.0656934307,1,0],[59562.0437956204,0,766],[66569.3430656934,2,0],[66678.8321167883,0,0],[66788.3211678832,1,0],[66897.8102189781,3,0],[67007.299270073,2,0],[67226.2773722628,1,0],[67445.2554744526,0,0],[67664.2335766423,1,0],[67883.2116788321,3,328],[68211.6788321168,0,0],[68540.1459854015,2,0],[68649.6350364963,2,0],[68759.1240875912,0,0],[68868.6131386861,2,0],[68978.102189781,1,0],[69087.5912408759,3,0],[69197.0802919708,2,0],[69416.0583941606,0,0],[69525.5474452555,0,0],[69635.0364963504,3,0],[69744.5255474453,0,0],[69854.0145985401,1,0],[70072.9927007299,1,0],[70291.9708029197,1,0],[70510.9489051095,3,0],[70729.9270072993,3,0],[70839.4160583942,2,328],[71167.8832116788,2,0],[71277.3722627737,0,0],[71386.8613138686,3,0],[71605.8394160584,0,0],[71824.8175182482,2,0],[71934.3065693431,1,0],[72043.795620438,0,0],[72153.2846715328,3,0],[72262.7737226277,1,0],[72372.2627737226,0,0],[72481.7518248175,3,0],[72591.2408759124,2,0],[72700.7299270073,3,0],[72919.7080291971,1,0],[73029.197080292,1,0],[73138.6861313869,0,0],[73357.6642335766,2,0],[73576.6423357664,3,1095],[74890.5109489051,2,438],[75328.4671532847,0,0],[75766.4233576642,0,0],[75985.401459854,1,0],[76423.3576642336,1,0],[76642.3357664234,3,438],[77080.2919708029,2,438],[77518.2481751825,0,438],[77956.204379562,1,438],[78394.1605839416,0,438],[78832.1167883212,2,438],[79270.0729927007,0,438],[79708.0291970803,1,438],[80145.9854014599,0,0],[80255.4744525547,1,0],[80364.9635036496,3,0],[80474.4525547445,2,0],[80583.9416058394,0,1095],[81897.8102189781,1,438],[82335.7664233577,3,438],[82992.700729927,2,438],[83649.6350364963,3,0],[83759.1240875912,0,0],[83868.6131386861,2,219],[84087.5912408759,0,219],[84306.5693430657,1,0],[84416.0583941606,0,0],[84525.5474452555,2,0],[84635.0364963504,0,0],[84744.5255474453,3,0],[84854.0145985401,0,0],[84963.503649635,2,0],[85072.9927007299,0,0],[85182.4817518248,3,0],[85291.9708029197,0,0],[85401.4598540146,2,0],[85510.9489051095,0,0],[85620.4379562044,1,0],[85729.9270072993,0,0],[85839.4160583942,0,219],[86058.3941605839,1,0],[86167.8832116788,0,0],[86277.3722627737,2,0],[86386.8613138686,0,0],[86496.3503649635,3,0],[86605.8394160584,0,0],[86715.3284671533,2,0],[86824.8175182482,0,0],[86934.3065693431,3,0],[87043.795620438,0,0],[87153.2846715328,1,0],[87262.7737226277,3,0],[87372.2627737226,0,0],[87481.7518248175,2,0],[87591.2408759124,3,0],[87810.2189781022,2,0],[88029.197080292,0,0],[88248.1751824817,1,438],[88905.1094890511,2,0],[89124.0875912409,0,0],[89343.0656934307,1,0],[89562.0437956204,0,0],[89781.0218978102,1,0],[90000,2,0],[90437.9562043796,2,0],[90656.9343065693,3,0],[90766.4233576642,0,0],[90875.9124087591,1,0],[90985.401459854,3,0],[91094.8905109489,2,0],[91313.8686131387,2,0],[91532.8467153285,0,328],[91861.3138686131,1,0],[92080.2919708029,1,0],[92189.7810218978,1,0],[92408.7591240876,0,0],[92627.7372262774,0,0],[92737.2262773723,0,0],[92846.7153284672,2,0],[93065.6934306569,2,0],[93284.6715328467,0,328],[93613.1386861314,1,0],[93832.1167883212,1,0],[93941.6058394161,1,0],[94160.5839416058,0,0],[94270.0729927007,1,0],[94379.5620437956,3,0],[94489.0510948905,2,0],[94598.5401459854,0,1095],[95912.4087591241,1,0],[96131.3868613139,2,0],[96350.3649635037,3,438],[97007.299270073,1,219],[97226.2773722628,1,219],[97664.2335766423,3,0],[97773.7226277372,0,0],[97883.2116788321,2,219],[98102.1897810219,0,219],[98321.1678832117,1,0],[98430.6569343066,0,0],[98540.1459854015,2,0],[98649.6350364963,0,0],[98759.1240875912,3,0],[98868.6131386861,0,0],[98978.102189781,2,0],[99087.5912408759,0,0],[99197.0802919708,3,0],[99306.5693430657,0,0],[99416.0583941606,2,0],[99525.5474452555,0,0],[99635.0364963504,1,0],[99744.5255474453,0,0],[99854.0145985401,0,219],[100072.99270073,1,0],[100182.481751825,0,0],[100291.97080292,2,0],[100401.459854015,0,0],[100510.948905109,3,0],[100620.437956204,0,0],[100729.927007299,2,0],[100839.416058394,0,0],[100948.905109489,3,0],[101058.394160584,0,0],[101167.883211679,2,0],[101277.372262774,0,0],[101386.861313869,1,0],[101496.350364964,0,0],[101605.839416058,2,876]],"lengthInSteps":16,"typeOfSection":0,"mustHitSection":true},{"sectionNotes":[[3503.6496350365,2,0],[3722.62773722628,2,0],[3832.11678832117,2,0],[3941.60583941606,2,0],[4160.58394160584,3,0],[4379.56204379562,0,0],[4489.05109489051,2,0],[4598.5401459854,1,0],[4708.02919708029,3,0],[5036.49635036496,2,0],[5255.47445255474,2,0],[5474.45255474453,2,0],[5583.94160583942,2,0],[5693.43065693431,2,0],[5912.40875912409,3,0],[6131.38686131387,0,0],[6240.87591240876,2,0],[6350.36496350365,1,0],[6459.85401459854,3,0],[6788.32116788321,2,0],[6897.8102189781,2,0],[7007.29927007299,2,0],[7226.27737226277,2,0],[7335.76642335766,2,0],[7445.25547445256,2,0],[7664.23357664234,3,0],[7883.21167883212,1,0],[7992.70072992701,0,0],[8211.67883211679,3,0],[8321.16788321168,1,0],[8430.65693430657,3,0],[8540.14598540146,2,0],[8759.12408759124,3,0],[8868.61313868613,1,0],[8978.10218978102,3,0],[9087.59124087591,0,0],[9197.0802919708,1,0],[9306.56934306569,1,0],[9416.05839416058,0,0],[9525.54744525547,3,0],[9635.03649635037,0,0],[9744.52554744526,0,0],[9854.01459854015,3,0],[9963.50364963504,3,0],[10072.9927007299,2,0],[10182.4817518248,1,0],[10291.9708029197,2,0],[15766.4233576642,3,438],[16204.3795620438,1,438],[16642.3357664234,0,0],[16861.3138686131,0,0],[16970.802919708,0,0],[17080.2919708029,2,0],[17299.2700729927,2,0],[17518.2481751825,1,0],[17737.2262773723,3,0],[17846.7153284672,0,0],[17956.204379562,1,0],[18065.6934306569,0,0],[18175.1824817518,1,0],[18284.6715328467,3,0],[18394.1605839416,2,0],[18613.1386861314,2,0],[18722.6277372263,2,0],[18941.6058394161,3,0],[19160.5839416058,2,0],[19489.0510948905,3,0],[19598.5401459854,0,0],[19708.0291970803,1,0],[19817.5182481752,0,0],[19927.0072992701,1,0],[20036.496350365,3,0],[20145.9854014599,1,0],[20255.4744525547,2,0],[20364.9635036496,2,0],[20474.4525547445,1,0],[20583.9416058394,0,0],[20693.4306569343,2,0],[20802.9197080292,3,0],[20912.4087591241,1,0],[21240.8759124088,3,0],[21350.3649635036,0,0],[21459.8540145985,1,0],[21569.3430656934,0,0],[21678.8321167883,1,0],[21788.3211678832,3,0],[21897.8102189781,2,0],[22116.7883211679,2,0],[22226.2773722628,2,0],[22445.2554744526,3,0],[22664.2335766423,2,0],[22773.7226277372,1,0],[22883.2116788321,2,0],[22992.700729927,1,0],[23102.1897810219,3,0],[23211.6788321168,2,0],[23430.6569343066,0,0],[23649.6350364964,2,0],[23759.1240875912,0,0],[23868.6131386861,3,0],[23978.102189781,1,0],[24087.5912408759,0,0],[24197.0802919708,3,0],[24306.5693430657,1,0],[24416.0583941606,2,0],[31532.8467153285,2,0],[31642.3357664234,0,0],[31751.8248175182,1,0],[31861.3138686131,3,0],[31970.802919708,2,0],[32189.7810218978,1,0],[32408.7591240876,0,0],[32627.7372262774,1,0],[32846.7153284672,3,328],[33175.1824817518,0,0],[33503.6496350365,2,0],[33613.1386861314,2,0],[33722.6277372263,0,0],[33832.1167883212,2,0],[33941.6058394161,1,0],[34051.0948905109,3,0],[34160.5839416058,2,0],[34379.5620437956,0,0],[34489.0510948905,0,0],[34598.5401459854,3,0],[34708.0291970803,0,0],[34817.5182481752,1,0],[35036.496350365,1,0],[35255.4744525547,1,0],[35474.4525547445,3,0],[35693.4306569343,3,0],[35802.9197080292,2,328],[36131.3868613139,2,0],[36240.8759124088,0,0],[36350.3649635036,3,0],[36569.3430656934,0,0],[36788.3211678832,2,0],[36897.8102189781,1,0],[37007.299270073,0,0],[37116.7883211679,3,0],[37226.2773722628,1,0],[37335.7664233577,0,0],[37445.2554744526,3,0],[37554.7445255474,2,0],[37664.2335766423,3,0],[37883.2116788321,1,0],[37992.700729927,1,0],[38102.1897810219,0,0],[38321.1678832117,2,0],[38540.1459854015,2,438],[38978.102189781,3,438],[39416.0583941606,1,438],[39854.0145985401,0,328],[40182.4817518248,1,0],[41167.8832116788,3,219],[41386.8613138686,1,0],[41496.3503649635,1,0],[41605.8394160584,0,0],[41715.3284671533,0,0],[41824.8175182482,0,0],[42043.795620438,1,438],[42481.7518248175,2,328],[42810.2189781022,2,438],[43248.1751824818,2,0],[43357.6642335766,2,0],[43576.6423357664,0,0],[45547.4452554744,0,657],[46204.3795620438,1,0],[46313.8686131387,0,0],[46423.3576642336,0,0],[46532.8467153285,3,0],[46751.8248175182,0,0],[46861.3138686131,2,0],[47189.7810218978,1,0],[47299.2700729927,2,0],[47408.7591240876,2,0],[47518.2481751825,2,0],[47737.2262773723,0,0],[47956.204379562,1,0],[48065.6934306569,0,0],[48175.1824817518,0,0],[48284.6715328467,3,0],[48503.6496350365,0,0],[48613.1386861314,2,0],[48941.6058394161,1,0],[49051.0948905109,1,0],[49160.5839416058,1,0],[49270.0729927007,1,0],[49489.0510948905,3,0],[49708.0291970803,1,0],[49817.5182481752,0,0],[49927.0072992701,0,0],[50036.496350365,3,0],[50255.4744525547,0,0],[50364.9635036496,2,0],[50693.4306569343,0,0],[50802.9197080292,0,0],[50912.4087591241,0,0],[51021.897810219,0,0],[51131.3868613139,1,0],[51240.8759124088,3,0],[51350.3649635036,2,0],[51459.8540145985,0,0],[51569.3430656934,1,0],[51678.8321167883,3,0],[51788.3211678832,0,0],[51897.8102189781,3,0],[52007.299270073,2,0],[52116.7883211679,0,0],[52335.7664233577,1,0],[52554.7445255474,0,328],[53211.6788321168,2,0],[53649.6350364964,2,0],[53868.6131386861,0,0],[54087.5912408759,2,0],[54525.5474452555,2,0],[54963.503649635,2,0],[55401.4598540146,2,0],[55620.4379562044,0,0],[55839.4160583942,2,0],[56277.3722627737,2,0],[56715.3284671533,2,0],[57153.2846715328,2,0],[57372.2627737226,0,0],[57591.2408759124,2,0],[58029.197080292,2,0],[58467.1532846715,2,0],[58905.1094890511,2,0],[59124.0875912409,0,0],[59343.0656934307,3,0],[59562.0437956204,2,0],[59671.5328467153,0,0],[59781.0218978102,1,0],[59890.5109489051,3,0],[60000,2,0],[60218.9781021898,1,0],[60437.9562043796,0,0],[60656.9343065693,1,0],[60875.9124087591,3,328],[61204.3795620438,0,0],[61532.8467153285,2,0],[61642.3357664234,2,0],[61751.8248175182,0,0],[61861.3138686131,2,0],[61970.802919708,1,0],[62080.2919708029,3,0],[62189.7810218978,2,0],[62408.7591240876,0,0],[62518.2481751825,0,0],[62627.7372262774,3,0],[62737.2262773723,0,0],[62846.7153284672,1,0],[63065.6934306569,1,0],[63284.6715328467,1,0],[63503.6496350365,3,0],[63722.6277372263,3,0],[63832.1167883212,2,328],[64160.5839416058,2,0],[64270.0729927007,0,0],[64379.5620437956,3,0],[64598.5401459854,0,0],[64817.5182481752,2,0],[64927.0072992701,1,0],[65036.496350365,0,0],[65145.9854014599,3,0],[65255.4744525547,1,0],[65364.9635036496,0,0],[65474.4525547445,3,0],[65583.9416058394,2,0],[65693.4306569343,3,0],[65912.4087591241,1,0],[66021.897810219,1,0],[66131.3868613139,0,0],[66350.3649635037,2,0],[66569.3430656934,2,438],[67007.299270073,3,438],[67445.2554744526,1,438],[67883.2116788321,0,328],[68211.6788321168,1,0],[69197.0802919708,3,219],[69416.0583941606,1,0],[69525.5474452555,1,0],[69635.0364963504,0,0],[69744.5255474453,0,0],[69854.0145985401,0,0],[70072.9927007299,1,438],[70510.9489051095,2,328],[70839.4160583942,2,438],[71277.3722627737,2,0],[71386.8613138686,2,0],[71605.8394160584,0,0],[73576.6423357664,2,1095],[74890.5109489051,3,438],[75328.4671532847,1,438],[75985.401459854,0,438],[76642.3357664234,2,438],[77080.2919708029,0,219],[77299.2700729927,1,0],[77408.7591240876,0,0],[77518.2481751825,2,0],[77627.7372262774,0,0],[77737.2262773723,3,0],[77846.7153284672,0,0],[77956.204379562,2,0],[78065.6934306569,0,0],[78175.1824817518,3,0],[78284.6715328467,0,0],[78394.1605839416,2,0],[78503.6496350365,0,0],[78613.1386861314,1,0],[78722.6277372263,0,0],[78832.1167883212,0,219],[79051.094890511,1,0],[79160.5839416058,0,0],[79270.0729927007,2,0],[79379.5620437956,0,0],[79489.0510948905,3,0],[79598.5401459854,0,0],[79708.0291970803,2,0],[79817.5182481752,0,0],[79927.0072992701,3,0],[80036.496350365,0,0],[80145.9854014599,2,0],[80255.4744525547,0,0],[80364.9635036496,1,0],[80474.4525547445,0,0],[80583.9416058394,0,1095],[81897.8102189781,2,438],[82335.7664233577,0,0],[82773.7226277372,0,0],[82992.700729927,1,0],[83430.6569343066,1,0],[83649.6350364963,3,438],[84087.5912408759,2,438],[84525.5474452555,0,438],[84963.503649635,1,438],[85401.4598540146,0,438],[85839.4160583942,2,438],[86277.3722627737,0,438],[86715.3284671533,1,438],[87153.2846715328,0,0],[87262.7737226277,2,0],[87372.2627737226,3,0],[87481.7518248175,1,0],[87591.2408759124,2,1095],[88905.1094890511,1,219],[89124.0875912409,3,219],[89343.0656934307,0,438],[90000,1,219],[90218.9781021898,1,219],[90656.9343065693,3,438],[91094.8905109489,0,219],[91313.8686131387,1,0],[91423.3576642336,0,0],[91532.8467153285,2,0],[91642.3357664234,0,0],[91751.8248175183,3,0],[91861.3138686131,0,0],[91970.802919708,2,0],[92080.2919708029,0,0],[92189.7810218978,3,0],[92299.2700729927,0,0],[92408.7591240876,2,0],[92518.2481751825,0,0],[92627.7372262774,1,0],[92737.2262773723,0,0],[92846.7153284672,0,219],[93065.6934306569,1,0],[93175.1824817518,0,0],[93284.6715328467,2,0],[93394.1605839416,0,0],[93503.6496350365,3,0],[93613.1386861314,0,0],[93722.6277372263,2,0],[93832.1167883212,0,0],[93941.6058394161,3,0],[94051.094890511,0,0],[94160.5839416058,2,0],[94270.0729927007,0,0],[94379.5620437956,1,0],[94489.0510948905,0,0],[94598.5401459854,0,1095],[95912.4087591241,3,438],[96350.3649635037,1,0],[96569.3430656934,0,0],[96788.3211678832,1,0],[97007.299270073,2,0],[97445.2554744526,2,0],[97664.2335766423,3,0],[97773.7226277372,0,0],[97883.2116788321,1,0],[97992.700729927,3,0],[98102.1897810219,2,0],[98321.1678832117,2,0],[98540.1459854015,0,328],[98868.6131386861,1,0],[99087.5912408759,1,0],[99197.0802919708,1,0],[99416.0583941606,0,0],[99635.0364963504,0,0],[99744.5255474453,0,0],[99854.0145985401,2,0],[100072.99270073,2,0],[100291.97080292,0,328],[100620.437956204,1,0],[100839.416058394,1,0],[100948.905109489,1,0],[101167.883211679,1,0],[101277.372262774,2,0],[101386.861313869,0,0],[101496.350364964,3,0],[101605.839416058,2,876]],"lengthInSteps":16,"typeOfSection":0,"mustHitSection":false},{"lengthInSteps":16,"altAnim":false,"typeOfSection":0,"sectionNotes":[],"bpm":137,"changeBPM":false,"mustHitSection":true}],"cutsceneType":"none","song":"Sugar","uiType":"normal","stage":"limo","validScore":true,"sections":0,"needsVoices":true,"gf":"gf-car","speed":1.8,"bpm":137}}