﻿<?xml version="1.0" encoding="utf-8"?>
<TextureAtlas imagePath="bgFreaks.png">
	<!-- Created with Adobe Animate version 20.0.0.17400 -->
	<!-- http://www.adobe.com/products/animate.html -->
	<SubTexture name="BG fangirls dissuaded0000" x="0" y="0" width="451" height="96"/>
	<SubTexture name="BG fangirls dissuaded0001" x="0" y="0" width="451" height="96"/>
	<SubTexture name="BG fangirls dissuaded0002" x="461" y="0" width="451" height="96"/>
	<SubTexture name="BG fangirls dissuaded0003" x="461" y="0" width="451" height="96"/>
	<SubTexture name="BG fangirls dissuaded0004" x="461" y="0" width="451" height="96"/>
	<SubTexture name="BG fangirls dissuaded0005" x="461" y="0" width="451" height="96"/>
	<SubTexture name="BG fangirls dissuaded0006" x="0" y="106" width="451" height="96"/>
	<SubTexture name="BG fangirls dissuaded0007" x="0" y="106" width="451" height="96"/>
	<SubTexture name="BG fangirls dissuaded0008" x="0" y="106" width="451" height="96"/>
	<SubTexture name="BG fangirls dissuaded0009" x="0" y="106" width="451" height="96"/>
	<SubTexture name="BG fangirls dissuaded0010" x="0" y="106" width="451" height="96"/>
	<SubTexture name="BG fangirls dissuaded0011" x="0" y="106" width="451" height="96"/>
	<SubTexture name="BG fangirls dissuaded0012" x="0" y="106" width="451" height="96"/>
	<SubTexture name="BG fangirls dissuaded0013" x="0" y="106" width="451" height="96"/>
	<SubTexture name="BG fangirls dissuaded0014" x="461" y="106" width="451" height="96"/>
	<SubTexture name="BG fangirls dissuaded0015" x="461" y="106" width="451" height="96"/>
	<SubTexture name="BG fangirls dissuaded0016" x="0" y="212" width="451" height="96"/>
	<SubTexture name="BG fangirls dissuaded0017" x="0" y="212" width="451" height="96"/>
	<SubTexture name="BG fangirls dissuaded0018" x="461" y="212" width="451" height="96"/>
	<SubTexture name="BG fangirls dissuaded0019" x="461" y="212" width="451" height="96"/>
	<SubTexture name="BG fangirls dissuaded0020" x="0" y="318" width="451" height="96"/>
	<SubTexture name="BG fangirls dissuaded0021" x="0" y="318" width="451" height="96"/>
	<SubTexture name="BG fangirls dissuaded0022" x="461" y="318" width="451" height="96"/>
	<SubTexture name="BG fangirls dissuaded0023" x="461" y="318" width="451" height="96"/>
	<SubTexture name="BG fangirls dissuaded0024" x="461" y="318" width="451" height="96"/>
	<SubTexture name="BG fangirls dissuaded0025" x="461" y="318" width="451" height="96"/>
	<SubTexture name="BG fangirls dissuaded0026" x="461" y="318" width="451" height="96"/>
	<SubTexture name="BG fangirls dissuaded0027" x="461" y="318" width="451" height="96"/>
	<SubTexture name="BG fangirls dissuaded0028" x="461" y="318" width="451" height="96"/>
	<SubTexture name="BG fangirls dissuaded0029" x="461" y="318" width="451" height="96"/>
	<SubTexture name="BG girls group0000" x="0" y="424" width="450" height="96"/>
	<SubTexture name="BG girls group0001" x="0" y="424" width="450" height="96"/>
	<SubTexture name="BG girls group0002" x="460" y="424" width="450" height="96"/>
	<SubTexture name="BG girls group0003" x="460" y="424" width="450" height="96"/>
	<SubTexture name="BG girls group0004" x="460" y="424" width="450" height="96"/>
	<SubTexture name="BG girls group0005" x="460" y="424" width="450" height="96"/>
	<SubTexture name="BG girls group0006" x="0" y="530" width="450" height="96"/>
	<SubTexture name="BG girls group0007" x="0" y="530" width="450" height="96"/>
	<SubTexture name="BG girls group0008" x="0" y="530" width="450" height="96"/>
	<SubTexture name="BG girls group0009" x="0" y="530" width="450" height="96"/>
	<SubTexture name="BG girls group0010" x="0" y="530" width="450" height="96"/>
	<SubTexture name="BG girls group0011" x="0" y="530" width="450" height="96"/>
	<SubTexture name="BG girls group0012" x="0" y="530" width="450" height="96"/>
	<SubTexture name="BG girls group0013" x="0" y="530" width="450" height="96"/>
	<SubTexture name="BG girls group0014" x="460" y="530" width="450" height="96"/>
	<SubTexture name="BG girls group0015" x="460" y="530" width="450" height="96"/>
	<SubTexture name="BG girls group0016" x="0" y="636" width="450" height="96"/>
	<SubTexture name="BG girls group0017" x="0" y="636" width="450" height="96"/>
	<SubTexture name="BG girls group0018" x="0" y="530" width="450" height="96"/>
	<SubTexture name="BG girls group0019" x="0" y="530" width="450" height="96"/>
	<SubTexture name="BG girls group0020" x="460" y="636" width="450" height="96"/>
	<SubTexture name="BG girls group0021" x="460" y="636" width="450" height="96"/>
	<SubTexture name="BG girls group0022" x="460" y="424" width="450" height="96"/>
	<SubTexture name="BG girls group0023" x="460" y="424" width="450" height="96"/>
	<SubTexture name="BG girls group0024" x="460" y="424" width="450" height="96"/>
	<SubTexture name="BG girls group0025" x="460" y="424" width="450" height="96"/>
	<SubTexture name="BG girls group0026" x="460" y="424" width="450" height="96"/>
	<SubTexture name="BG girls group0027" x="460" y="424" width="450" height="96"/>
	<SubTexture name="BG girls group0028" x="460" y="424" width="450" height="96"/>
	<SubTexture name="BG girls group0029" x="460" y="424" width="450" height="96"/>
</TextureAtlas>
