﻿<?xml version="1.0" encoding="utf-8"?>
<TextureAtlas imagePath="petals.png">
	<!-- Created with Adobe Animate version 20.0.0.17400 -->
	<!-- http://www.adobe.com/products/animate.html -->
	<SubTexture name="PETALS ALL0000" x="0" y="0" width="311" height="161"/>
	<SubTexture name="PETALS ALL0001" x="0" y="0" width="311" height="161"/>
	<SubTexture name="PETALS ALL0002" x="313" y="0" width="311" height="161"/>
	<SubTexture name="PETALS ALL0003" x="313" y="0" width="311" height="161"/>
	<SubTexture name="PETALS ALL0004" x="626" y="0" width="311" height="161"/>
	<SubTexture name="PETALS ALL0005" x="939" y="0" width="311" height="161"/>
	<SubTexture name="PETALS ALL0006" x="1252" y="0" width="311" height="161"/>
	<SubTexture name="PETALS ALL0007" x="1252" y="0" width="311" height="161"/>
	<SubTexture name="PETALS ALL0008" x="1565" y="0" width="311" height="161"/>
	<SubTexture name="PETALS ALL0009" x="0" y="163" width="311" height="161"/>
	<SubTexture name="PETALS ALL0010" x="313" y="163" width="311" height="161"/>
	<SubTexture name="PETALS ALL0011" x="626" y="163" width="311" height="161"/>
	<SubTexture name="PETALS ALL0012" x="939" y="163" width="311" height="161"/>
	<SubTexture name="PETALS ALL0013" x="1252" y="163" width="311" height="161"/>
	<SubTexture name="PETALS ALL0014" x="1252" y="163" width="311" height="161"/>
	<SubTexture name="PETALS ALL0015" x="1565" y="163" width="311" height="161"/>
	<SubTexture name="PETALS ALL0016" x="0" y="326" width="311" height="161"/>
	<SubTexture name="PETALS ALL0017" x="313" y="326" width="311" height="161"/>
	<SubTexture name="PETALS ALL0018" x="313" y="326" width="311" height="161"/>
	<SubTexture name="PETALS ALL0019" x="626" y="326" width="311" height="161"/>
	<SubTexture name="PETALS ALL0020" x="939" y="326" width="311" height="161"/>
	<SubTexture name="PETALS ALL0021" x="1252" y="326" width="311" height="161"/>
	<SubTexture name="PETALS ALL0022" x="1252" y="326" width="311" height="161"/>
	<SubTexture name="PETALS ALL0023" x="1565" y="326" width="311" height="161"/>
	<SubTexture name="PETALS ALL0024" x="0" y="489" width="311" height="161"/>
	<SubTexture name="PETALS ALL0025" x="313" y="489" width="311" height="161"/>
	<SubTexture name="PETALS ALL0026" x="626" y="489" width="311" height="161"/>
	<SubTexture name="PETALS ALL0027" x="939" y="489" width="311" height="161"/>
	<SubTexture name="PETALS ALL0028" x="1252" y="489" width="311" height="161"/>
	<SubTexture name="PETALS ALL0029" x="1565" y="489" width="311" height="161"/>
	<SubTexture name="PETALS ALL0030" x="0" y="652" width="311" height="161"/>
	<SubTexture name="PETALS ALL0031" x="313" y="652" width="311" height="161"/>
	<SubTexture name="PETALS ALL0032" x="626" y="652" width="311" height="161"/>
	<SubTexture name="PETALS ALL0033" x="939" y="652" width="311" height="161"/>
	<SubTexture name="PETALS ALL0034" x="1252" y="652" width="311" height="161"/>
	<SubTexture name="PETALS ALL0035" x="1252" y="652" width="311" height="161"/>
	<SubTexture name="PETALS ALL0036" x="1565" y="652" width="311" height="161"/>
	<SubTexture name="PETALS ALL0037" x="0" y="815" width="311" height="161"/>
	<SubTexture name="PETALS ALL0038" x="313" y="815" width="311" height="161"/>
	<SubTexture name="PETALS ALL0039" x="313" y="815" width="311" height="161"/>
	<SubTexture name="PETALS ALL0040" x="626" y="815" width="311" height="161"/>
	<SubTexture name="PETALS ALL0041" x="939" y="815" width="311" height="161"/>
	<SubTexture name="PETALS ALL0042" x="939" y="815" width="311" height="161"/>
	<SubTexture name="PETALS ALL0043" x="1252" y="815" width="311" height="161"/>
	<SubTexture name="PETALS ALL0044" x="1565" y="815" width="311" height="161"/>
	<SubTexture name="PETALS ALL0045" x="0" y="978" width="311" height="161"/>
	<SubTexture name="PETALS ALL0046" x="313" y="978" width="311" height="161"/>
	<SubTexture name="PETALS ALL0047" x="626" y="978" width="311" height="161"/>
	<SubTexture name="PETALS ALL0048" x="939" y="978" width="311" height="161"/>
	<SubTexture name="PETALS ALL0049" x="1252" y="978" width="311" height="161"/>
	<SubTexture name="PETALS ALL0050" x="1565" y="978" width="311" height="161"/>
	<SubTexture name="PETALS ALL0051" x="0" y="1141" width="311" height="161"/>
	<SubTexture name="PETALS ALL0052" x="313" y="1141" width="311" height="161"/>
	<SubTexture name="PETALS ALL0053" x="313" y="1141" width="311" height="161"/>
	<SubTexture name="PETALS ALL0054" x="626" y="1141" width="311" height="161"/>
	<SubTexture name="PETALS ALL0055" x="0" y="0" width="311" height="161"/>
</TextureAtlas>
