﻿<?xml version="1.0" encoding="utf-8"?>
<TextureAtlas imagePath="senpaiPortrait.png">
	<!-- Created with Adobe Animate version 20.0.0.17400 -->
	<!-- http://www.adobe.com/products/animate.html -->
	<SubTexture name="Senpai Portrait Enter instance 10000" x="0" y="0" width="249" height="145"/>
	<SubTexture name="Senpai Portrait Enter instance 10001" x="259" y="0" width="249" height="145"/>
	<SubTexture name="Senpai Portrait Enter instance 10002" x="259" y="0" width="249" height="145"/>
	<SubTexture name="Senpai Portrait Enter instance 10003" x="0" y="155" width="249" height="145"/>
	<SubTexture name="Senpai Portrait Enter instance 10004" x="0" y="155" width="249" height="145"/>
	<SubTexture name="Senpai Portrait Enter instance 10005" x="259" y="155" width="249" height="145"/>
	<SubTexture name="Senpai Portrait Enter instance 10006" x="259" y="155" width="249" height="145"/>
	<SubTexture name="Senpai Portrait Enter instance 10007" x="259" y="155" width="249" height="145"/>
	<SubTexture name="Senpai Portrait Enter instance 10008" x="259" y="155" width="249" height="145"/>
</TextureAtlas>
